-- MySQL dump 10.16  Distrib 10.1.30-MariaDB, for Linux (x86_64)
--
-- Host: localhost    Database: db_jresto
-- ------------------------------------------------------
-- Server version	10.1.30-MariaDB

/*!40101 SET @OLD_CHARACTER_SET_CLIENT=@@CHARACTER_SET_CLIENT */;
/*!40101 SET @OLD_CHARACTER_SET_RESULTS=@@CHARACTER_SET_RESULTS */;
/*!40101 SET @OLD_COLLATION_CONNECTION=@@COLLATION_CONNECTION */;
/*!40101 SET NAMES utf8 */;
/*!40103 SET @OLD_TIME_ZONE=@@TIME_ZONE */;
/*!40103 SET TIME_ZONE='+00:00' */;
/*!40014 SET @OLD_UNIQUE_CHECKS=@@UNIQUE_CHECKS, UNIQUE_CHECKS=0 */;
/*!40014 SET @OLD_FOREIGN_KEY_CHECKS=@@FOREIGN_KEY_CHECKS, FOREIGN_KEY_CHECKS=0 */;
/*!40101 SET @OLD_SQL_MODE=@@SQL_MODE, SQL_MODE='NO_AUTO_VALUE_ON_ZERO' */;
/*!40111 SET @OLD_SQL_NOTES=@@SQL_NOTES, SQL_NOTES=0 */;

--
-- Table structure for table `kategori`
--

DROP TABLE IF EXISTS `kategori`;
/*!40101 SET @saved_cs_client     = @@character_set_client */;
/*!40101 SET character_set_client = utf8 */;
CREATE TABLE `kategori` (
  `id` int(11) NOT NULL AUTO_INCREMENT,
  `jenis` enum('MAKAN','MINUM') NOT NULL DEFAULT 'MAKAN',
  `kategori` varchar(500) NOT NULL,
  PRIMARY KEY (`id`)
) ENGINE=InnoDB AUTO_INCREMENT=18 DEFAULT CHARSET=latin1;
/*!40101 SET character_set_client = @saved_cs_client */;

--
-- Dumping data for table `kategori`
--

LOCK TABLES `kategori` WRITE;
/*!40000 ALTER TABLE `kategori` DISABLE KEYS */;
INSERT INTO `kategori` VALUES (1,'MINUM','Softdrink'),(2,'MAKAN','Makanan Penutup'),(3,'MAKAN','Cemilan'),(4,'MINUM','Minuman Hangat'),(5,'MAKAN','Penambah Rasa'),(6,'MAKAN','Seafood'),(11,'MINUM','Minuman Panas'),(12,'MAKAN','Makanan Spesial'),(13,'MAKAN','Makanan Utama'),(14,'MINUM','Minuman Jus'),(15,'MINUM','Minuman Dingin Es'),(16,'MAKAN','Makanan Titipan'),(17,'MINUM','Minuman Biasa');
/*!40000 ALTER TABLE `kategori` ENABLE KEYS */;
UNLOCK TABLES;

--
-- Table structure for table `meja`
--

DROP TABLE IF EXISTS `meja`;
/*!40101 SET @saved_cs_client     = @@character_set_client */;
/*!40101 SET character_set_client = utf8 */;
CREATE TABLE `meja` (
  `nomor` varchar(50) NOT NULL,
  `jumlah_bangku` int(11) NOT NULL,
  `keadaan` enum('BAIK','RUSAK') DEFAULT 'BAIK',
  `status` enum('KOSONG','TERISI') DEFAULT 'KOSONG',
  `meja_kat_id` int(11) NOT NULL DEFAULT '2',
  PRIMARY KEY (`nomor`)
) ENGINE=InnoDB DEFAULT CHARSET=latin1;
/*!40101 SET character_set_client = @saved_cs_client */;

--
-- Dumping data for table `meja`
--

LOCK TABLES `meja` WRITE;
/*!40000 ALTER TABLE `meja` DISABLE KEYS */;
INSERT INTO `meja` VALUES ('01',4,'BAIK','KOSONG',1),('02',4,'BAIK','KOSONG',1),('03',4,'BAIK','KOSONG',1),('05',4,'BAIK','KOSONG',1),('06',4,'BAIK','KOSONG',1),('07',4,'BAIK','KOSONG',1),('08',4,'BAIK','KOSONG',1),('09',4,'BAIK','KOSONG',1),('10',4,'BAIK','KOSONG',1),('11',4,'BAIK','KOSONG',1),('12',4,'BAIK','KOSONG',1),('13',4,'BAIK','KOSONG',1),('15',4,'BAIK','KOSONG',1),('16',4,'BAIK','KOSONG',1),('17',4,'BAIK','KOSONG',1),('18',4,'BAIK','KOSONG',1),('19',4,'BAIK','KOSONG',1),('20',4,'BAIK','KOSONG',1),('21',4,'BAIK','KOSONG',1),('22',4,'BAIK','KOSONG',1),('23',4,'BAIK','KOSONG',1),('25',4,'BAIK','KOSONG',1),('26',4,'BAIK','KOSONG',1),('27',4,'BAIK','KOSONG',1),('28',4,'BAIK','KOSONG',1),('29',4,'BAIK','KOSONG',1),('30',4,'BAIK','KOSONG',1),('31',4,'BAIK','KOSONG',1),('A1',4,'BAIK','KOSONG',1),('A2',4,'BAIK','KOSONG',1),('B1',4,'BAIK','KOSONG',1),('B2',4,'BAIK','KOSONG',1),('C1',4,'BAIK','KOSONG',1),('C2',4,'BAIK','KOSONG',1),('D1',4,'BAIK','KOSONG',1),('D2',4,'BAIK','KOSONG',1),('E1',4,'BAIK','KOSONG',1),('E2',4,'BAIK','KOSONG',1),('F1',4,'BAIK','KOSONG',1),('F2',4,'BAIK','KOSONG',1),('G1',4,'BAIK','KOSONG',1),('G2',4,'BAIK','KOSONG',1),('H1',4,'BAIK','KOSONG',1),('H2',4,'BAIK','KOSONG',1),('I1',4,'BAIK','KOSONG',1),('I2',4,'BAIK','KOSONG',1),('J1',4,'BAIK','KOSONG',1),('J2',4,'BAIK','KOSONG',1),('Lesehan',4,'BAIK','KOSONG',1),('VIP1-25',4,'BAIK','KOSONG',2),('VIP1-26',4,'BAIK','KOSONG',2),('VIP1-27',4,'BAIK','KOSONG',2),('VIP1-28',4,'BAIK','KOSONG',2),('VIP1-29',4,'BAIK','KOSONG',2),('VIP1-30',4,'BAIK','KOSONG',2),('VIP1-31',4,'BAIK','KOSONG',2),('VIP2-25',4,'BAIK','KOSONG',3),('VIP2-26',4,'BAIK','KOSONG',3),('VIP2-27',4,'BAIK','KOSONG',3),('VIP2-28',4,'BAIK','KOSONG',3),('VIP2-29',4,'BAIK','KOSONG',3),('VIP2-30',4,'BAIK','KOSONG',3),('VIP2-31',4,'BAIK','KOSONG',3);
/*!40000 ALTER TABLE `meja` ENABLE KEYS */;
UNLOCK TABLES;

--
-- Table structure for table `meja_kat`
--

DROP TABLE IF EXISTS `meja_kat`;
/*!40101 SET @saved_cs_client     = @@character_set_client */;
/*!40101 SET character_set_client = utf8 */;
CREATE TABLE `meja_kat` (
  `id` int(11) NOT NULL AUTO_INCREMENT,
  `nama` varchar(100) NOT NULL,
  `tarif` double NOT NULL DEFAULT '0',
  PRIMARY KEY (`id`)
) ENGINE=InnoDB AUTO_INCREMENT=6 DEFAULT CHARSET=latin1;
/*!40101 SET character_set_client = @saved_cs_client */;

--
-- Dumping data for table `meja_kat`
--

LOCK TABLES `meja_kat` WRITE;
/*!40000 ALTER TABLE `meja_kat` DISABLE KEYS */;
INSERT INTO `meja_kat` VALUES (1,'Normal',0),(2,'VIP1',100000),(3,'VIP2',200000),(5,'VIP3',430000);
/*!40000 ALTER TABLE `meja_kat` ENABLE KEYS */;
UNLOCK TABLES;

--
-- Table structure for table `non_tunai`
--

DROP TABLE IF EXISTS `non_tunai`;
/*!40101 SET @saved_cs_client     = @@character_set_client */;
/*!40101 SET character_set_client = utf8 */;
CREATE TABLE `non_tunai` (
  `id` int(11) NOT NULL AUTO_INCREMENT,
  `nama` varchar(1000) NOT NULL,
  PRIMARY KEY (`id`)
) ENGINE=InnoDB AUTO_INCREMENT=11 DEFAULT CHARSET=latin1;
/*!40101 SET character_set_client = @saved_cs_client */;

--
-- Dumping data for table `non_tunai`
--

LOCK TABLES `non_tunai` WRITE;
/*!40000 ALTER TABLE `non_tunai` DISABLE KEYS */;
INSERT INTO `non_tunai` VALUES (5,'Bank BNI'),(6,'Bank BRI'),(8,'Bank Mandiri'),(9,'Lainnya'),(10,'BCA');
/*!40000 ALTER TABLE `non_tunai` ENABLE KEYS */;
UNLOCK TABLES;

--
-- Table structure for table `produk`
--

DROP TABLE IF EXISTS `produk`;
/*!40101 SET @saved_cs_client     = @@character_set_client */;
/*!40101 SET character_set_client = utf8 */;
CREATE TABLE `produk` (
  `id` int(11) NOT NULL AUTO_INCREMENT,
  `nama` varchar(1000) NOT NULL,
  `harga` double NOT NULL DEFAULT '0',
  `gambar` longblob,
  `kategori_id` int(11) NOT NULL,
  `waktu_buat` timestamp NOT NULL DEFAULT CURRENT_TIMESTAMP,
  `waktu_ubah` timestamp NOT NULL DEFAULT '0000-00-00 00:00:00',
  `operator` varchar(500) DEFAULT NULL,
  `tambahan` enum('YA','TIDAK') NOT NULL DEFAULT 'TIDAK',
  PRIMARY KEY (`id`)
) ENGINE=InnoDB AUTO_INCREMENT=225 DEFAULT CHARSET=latin1;
/*!40101 SET character_set_client = @saved_cs_client */;

--
-- Dumping data for table `produk`
--

LOCK TABLES `produk` WRITE;
/*!40000 ALTER TABLE `produk` DISABLE KEYS */;
INSERT INTO `produk` VALUES (1,'Mujair Bakar Besar',93000,NULL,13,'2016-11-13 07:20:15','2016-11-13 07:46:36','admin','TIDAK'),(2,'Mujair Bakar Sedang',83000,NULL,13,'2016-11-13 07:20:15','2016-11-13 07:47:17','admin','TIDAK'),(3,'Mujair Goreng Besar',93000,NULL,13,'2016-11-13 07:20:15','2016-11-13 07:47:55','admin','TIDAK'),(4,'JERUK MANIS PANAS',18000,'\0JFIF\0\0H\0H\0\0ICC_PROFILE\0\0\0\0\0\0\0\0\0\0mntrRGB XYZ \0\0\0\0$\0acsp\0\0\0\0\0\0\0\0\0\0\0\0\0\0\0\0\0\0\0\0\0\0\0\0\0\0\0\0\0\0\0\0\0\0-\0\0\0\0)=ޯUxBʃ9\r\0\0\0\0\0\0\0\0\0\0\0\0\0\0\0\0\0\0\0\0\0\0\0\0\0\0\0\0\0\0\0desc\0\0D\0\0\0ybXYZ\0\0\0\0\0bTRC\0\0\0\0dmdd\0\0	\0\0\0gXYZ\0\0\nh\0\0\0gTRC\0\0\0\0lumi\0\0\n|\0\0\0meas\0\0\n\0\0\0$bkpt\0\0\n\0\0\0rXYZ\0\0\n\0\0\0rTRC\0\0\0\0tech\0\0\n\0\0\0vued\0\0\n\0\0\0wtpt\0\0p\0\0\0cprt\0\0\0\0\07chad\0\0\0\0\0,desc\0\0\0\0\0\0\0sRGB IEC61966-2-1 black scaled\0\0\0\0\0\0\0\0\0\0\0\0\0\0\0\0\0\0\0\0\0\0\0\0\0\0\0\0\0\0\0\0\0\0\0\0\0\0\0\0\0\0\0\0\0\0\0\0\0\0\0\0\0\0\0\0\0\0\0\0\0\0\0\0\0\0\0\0\0\0\0\0\0\0\0\0\0\0\0\0\0\0XYZ \0\0\0\0\0\0$\0\0\0\0curv\0\0\0\0\0\0\0\0\0\0\0\n\0\0\0\0\0#\0(\0-\02\07\0;\0@\0E\0J\0O\0T\0Y\0^\0c\0h\0m\0r\0w\0|\0\0\0\0\0\0\0\0\0\0\0\0\0\0\0\0\0\0\0\0\0\0\0\0\0\r%+28>ELRY`gnu|&/8AKT]gqz\0!-8COZfr~ -;HUcq~\r+:IXgw\'7HYj{+=Oat2FZn		%	:	O	d	y						\n\n\'\n=\nT\nj\n\n\n\n\n\n\"9Qi*C\\u\r\r\r&\r@\rZ\rt\r\r\r\r\r.Id	%A^z	&Ca~1Om&Ed#Cc\'Ij4Vx&IlAe@e Ek\Z\Z*\ZQ\Zw\Z\Z\Z;c*R{Gp@j>i  A l   !!H!u!!!\"\'\"U\"\"\"#\n#8#f###$$M$|$$%	%8%h%%%&\'&W&&&\'\'I\'z\'\'(\r(?(q(())8)k))**5*h**++6+i++,,9,n,,--A-v--..L.../$/Z///050l0011J1112*2c223\r3F3334+4e4455M555676r667$7`7788P8899B999:6:t::;-;k;;<\'<e<<=\"=a==> >`>>?!?a??@#@d@@A)AjAAB0BrBBC:C}CDDGDDEEUEEF\"FgFFG5G{GHHKHHIIcIIJ7J}JKKSKKL*LrLMMJMMN%NnNO\0OIOOP\'PqPQQPQQR1R|RSS_SSTBTTU(UuUVV\\VVWDWWX/X}XY\ZYiYZZVZZ[E[[\\5\\\\]\']x]^\Z^l^__a_``W``aOaabIbbcCccd@dde=eef=ffg=ggh?hhiCiijHjjkOkklWlmm`mnnknooxop+ppq:qqrKrss]sttptu(uuv>vvwVwxxnxy*yyzFz{{c{|!||}A}~~b~#G\nk͂0WGrׇ;iΉ3dʋ0cʍ1fΏ6n֑?zM _ɖ4\nuL$h՛BdҞ@iءG&vVǥ8\ZnRĩ7u\\ЭD-\0u`ֲK³8%yhYѹJº;.!\nzpg_XQKFAǿ=ȼ:ɹ8ʷ6˶5̵5͵6ζ7ϸ9к<Ѿ?DINU\\dlvۀ܊ݖޢ)߯6DScs\r2F[p(@Xr4Pm8Ww)Kmdesc\0\0\0\0\0\0\0.IEC 61966-2-1 Default RGB Colour Space - sRGB\0\0\0\0\0\0\0\0\0\0\0\0\0\0\0\0\0\0\0\0\0\0\0\0\0\0\0\0\0\0\0\0\0\0\0\0\0\0\0\0\0\0\0\0\0\0\0\0\0\0\0\0\0\0\0\0\0\0\0\0\0\0\0\0\0\0\0\0\0\0\0\0\0\0\0\0\0\0\0XYZ \0\0\0\0\0\0b\0\0\0\0XYZ \0\0\0\0\0\0\0\0\0P\0\0\0\0\0\0meas\0\0\0\0\0\0\0\0\0\0\0\0\0\0\0\0\0\0\0\0\0\0\0\0\0\0\0\0\0\0XYZ \0\0\0\0\0\0\0\03\0\0XYZ \0\0\0\0\0\0o\0\08\0\0sig \0\0\0\0CRT desc\0\0\0\0\0\0\0-Reference Viewing Condition in IEC 61966-2-1\0\0\0\0\0\0\0\0\0\0\0\0\0\0\0\0\0\0\0\0\0\0\0\0\0\0\0\0\0\0\0\0\0\0\0\0\0\0\0\0\0\0\0\0\0\0\0\0\0\0\0\0\0\0\0\0\0\0\0\0\0\0\0\0\0\0\0\0\0\0\0\0\0\0\0\0\0\0\0\0XYZ \0\0\0\0\0\0\0\0\0\0\0-text\0\0\0\0Copyright International Color Consortium, 2009\0\0sf32\0\0\0\0\0D\0\0&\0\0\0\0\0\0\0\0u\0C\0	\Z!\Z\"$\"$\0C\0\"\0\0\0\0\0\0\0\0\0\0\0\0\0\0\0B\0\0!1A\"Qaq2#B3Rb$rCSc%Dt\0\0\0\0\0\0\0\0\0\0\0\0\02\0\0\0\0!1AQ\"aq2B#Rb\0\0\0?\0~ʣzZa;o$B,*&iAcޓs@Bn\'`7!A&ڛfNAU3BvYE%wdd\nZfUfby \\A:\0$dO6*#Dg3l<	\"	\'@R\0ȭ틬@%D\0 3Mdm{ޔ&& bV R?kלzT=JN3S{-J}Kr]P)f.VUFB=z\\]$^<YV$&\03jRkZerT(a=ȼ}DdCcp8ݰ-Z\") 4DA\r BH4bAа\nI*h\n;BG8p@4ŀcPT.\\m\r⚮vr}\'Ttmn#Rf#l3Tj_vs. 	;U	{￀0	T6OPO\n:en0xUSğcK}Mv&՘䋒^ka\"Y:/9Sdd!j2WrEP2Z]3IMֺC&J$\Z+Wn[h$AjX{w/A\0;7~i$y$Տz\\hi\Z:zD$R	6(b89=#ޙmUK$#MO(`mD{uoF$I|ôr&b\"Rt\r\0}f5vh)ޑtezS?ZUT\0m͙~TX̷t&VgEh0kIG9GƔ^5)O40v[mGb~\n2p`QV&H	`5/hENLL@Ջam\\f1U<Ӭ\\[ K&9IW-m)(Zٌ|P@\"U)aVkdcWYaQt)\Z`,I=ɀ(\rW@8?ҵkD~T0H@v@<T#F>[8`(5 A$`Ro \nSJڄچ-\Zj\n7B*\'(*fcrip1niP\'\0 HJ!F%q_P B͂7z_9Yzsڃhcjc#SH{@nd<ЉTW<P2\0Z;N\rJdtg@qDo2մH\0jD\Z)nFI~(ɃC9lTߨ`|hmb[R&	&?]k:I$O6\0$v-M	cMvxM:pLwOe$S{N4E\\j,۸IDi[*c9E\rn`OqG嶜S\Zkmk8FӞjnQ4PZb*ɫRb&w<_&4Rz-N*Y\Z&jnҤ9\"@ڐ\0ع8]}6On[\0z1?Ltg.NYZ\' ܺ\0朳.ҽC	Aʫ/ɀDRؐVH)lv \"H=/Eqn\" ␎歛ϰ	\n(u&P	\r(_M\\L6irI{)AJ\'s\005FmndZ=)n1+~+;3\Z6dp~A憕7H2H?ֳ)t`mvʻrxY۸-PQ-\nVj*{%Nb-R[mҠ⤖^\'#56dSBfyL\"a 03VE]dL,q@Ͳ=(NEE\"\"nCCqI \Z\0\n3E\0iw=;4-tt,@	LN(~杉cw5ܺY!;MB_\'U8G¶=@gy5V+c_\ZWQsO:uF2Iv;d\ZZv0;w@v\'hZ JbX\Z{QRJH^N\ZȎ9]4_CE+WpY[v{\n]Ed~i^\\.-%U;s4:ۈVh*\r>-?ț[F,iuj\0,ڴn9\\+&_P1\ZD^.KfIʑ~-\"A:Uƹck A$j1[/\"\\Kd\0p&9X	?Z [hz͜$w4ԩ RT.4wޡT+ۜJqM\nɈ&Rh;65;4QiIiC\0w\'CT\ZNˏy*w`#&fk6W@ya`8(x4ð\n\Z\n2f?AocɩcZ!`s5+Ҧ3RgjO`tH?1\\ ht81jDEERL(4@dPJq,?	92Oc1YFE\n)`H7,*1)Sb~Mxtlkr1lS@YmYh$\nC\0IjE$]@޹VqCm A榇+q޺ԗTejQUǓMM	i6A[K3b<V`B3>6pEW)B֫&-R/gmO6FUMlz( HQT**K!ر$~lW~+@f|mA5{:\"XA`wL{LͱǽLQtFn`zyP )fK8&x۶#`).m~uKR|U Iq8.\\5	⪭{YYT&hIUm4\"U|Ri!n˯8Xگ[(C_ؠ~T\0$+=E`ƥT~Kla\\`Xݞj@M03ګ<Oi$\rXZG0 k4l1\\nj۷WTu{\Z\Z5ސIYX-)g3HHm]F).;,jG) bp+17~f\0Ě\0Frh~h6& ,HMQLkN3N\Z |&׮K\n\0\nhlw7.m=ZS4%/):̞Y0\0UuWL֭*R}7\0\0\Z;l{tt;=59,@|kC@޵f޺nLWru3E?˲_yam@}]\rwnrjSAq\"TjN\\lFXEDgGkhϻ=]CWn`iNޜS_]%O$oFޙw`[$ +ҫdH$#3ih4E`f3F\nMz%v;jȒ@0>ԋze_\"YlD5銇b`9ӣj<5;B	3`5;$OWlOoq\0,4⤦;paTgT2A\'++jyA4%~?K*\nؚ>fqcI<jɲf9F,91{W+`K K@8+8kEl\0A5~G$U)0z]o\\D❂D#3 }*M	P1MRR!&Lzs4t175˖P$I5CLdvt	1LkEd:\r`[Z=>SeزN\0Q\Z%xFulյB,m\"L`{mFs4H]7aiZWY\rGͲ$qItd\0=R-u\\EHR.*z2dSth-=\0ϽU7L`ӿB;0o,p*p5kq8IiU\'DJ脀L1{i`}cڹ6<Ҭ\"޽X>rލF.Nh),3 	>LEP2\03D?4əC&eRrhYB\nc1RfB6O3JOEH;Ԫ\0q+\"a?j\no5uYz֬вD}>Jhd܏s!\0zfb5/t?֏Dޅ]J\0zvʛ~c{Rt=UrsL.J *5g+\rnI\ZsUAJMn\\D>k+W>	\0g\0황nHa\0.DpS<E(FS(k\\T21^\\ā1J\Z2b25WgN1Q摌fQެUȪ$QpI&xaW5at.!%TR\'j&ٶ|{mLA<(NW8☆+\rF7B\'P9!~gfXyE}61 ϵ4`e`\\$d\Z[fV*ݨɌ5M)|ށR2\0Dy׍j\0zt1Y	mHлKCu_P;936m(Z؅s*`S/LQ\rl00Q-k	:p\0Vi	%~eA\0ж&k]jF\0eoA?5	n;F-Iie 3R4@Ԧ+Db3mwN@1I{.$1Z>zL47XO3U/IANdN+K]0I<WMnh^\0\ZO*dgnk3\'һ*hK-\0UURj$!\"?Z\\J; X˲Ӱ@RDy`@qI\r(Qb32\"3Npb\'\nOzW\"fLTG+>{TqD\"*1KGs\0\" S sP@۶;VWke%(5:m=ۤҥ3To=mZronҎ&`ܑ^vtэ.mh2\0{Ջ/n֙U\0CSN[=7EfQinyhD0+_hbDQ{\\%tiT ;9Xfnt];jҧK6sq0Gh;{.2\0<a.u~[k\Z[+-{lߨNkSi\"	&GC![2s4i/_i5!kO[GmSF\'qlNmfOF\no8@}&ٴGUn+p\rnXv24	${sөf^ \0;E}X[1-7>jNT(?e~W/0>J}7dPLwH^lgpR0Gj\0\neBKKB*L\rmmU+,ޑ´\0OmC_cJwf\0TLsWtk&Amٞ\'(U7<8+6-)YZB.kRB\\2E[[UG?Z~ipA*lxXS+)zI|J\0O\Zmmܔ$CK\\z (\n{Yk7_8	\0RT2Y$?g[hrҴ\'(³)	Ts(l5|b){@QjZ6ODTsBoR%nȡ\n7{}+1&NOjBH%ԬA;XvLRTȊ]\"yT\nz-=$K=FMs20A#4{DI90d>\\4jz\0dɩ28 )Mi-\"$d\ncAQ=Q-,4VTr$Eb(*lQ*g)_ښ?T\0\"Gj|*6<\Zeu\\F\'r&_0Fq \0lRc(i\0gѹ;8&@kR[ިݿrƚ2I5^H$&ba;3\'L$E@Y&1ܑz;z\0U(9t++n8_u;ʌޞBP;`AlzJxKJGKiy-fmX֞tGv9jG4Ѭ&#Uu\ZZDT3\':f./͐ hs,c3\'\0>QZxA?Q45?Rn40LI;ڟ7Zv8 恠F+=MCNĕdMwҌ0OzKЩ0$\ZRӏcP;Vv@?ZQ\0+KCV@N3]=bb1M$4@IĚA8c1M!7@?3L#@]?kr2%ƾıURJc~)t=.oJӸ\ZNy3}Xu\ZizgE{w!l1>0BW}>k[Mn5E|1~xa9-\'NԫO;AΝuz%4ɗc0@0EU<\rV46Fp7UsjIW+|3-ux&\"7̃[7ޭ<3|.ϐ\'+7{{fY=g~s{~sZji5\rk^~O]?M:E콳}Tdb\0CI$	\0T|AҬx[cM]OѤP.\\q(❰>muj5Gmz]dOe{bLiڻJ/kʩ,\'you\rPKh\06dk[I5\'EԺKOu$@P,(&#JzTSݳ.Awlg<VOhxkCͽ3!<WtAuNn\0%0G\0FgV;ƇInmŧ\"\n`ߊ	gNSPKּ7:hEs^\0C#9+xRSjumvrg\\cZgd~)&;Sudc1[s5e\0(4uh&G6m#ګJބ<@\0QwiREڤ-<SV#<6E[ꍴmhP }{B	{SPRw\Z]nK\0DwXZ}IhײP6Tdd93juk~p!O֛T1&MEKJYHـY}ꥋF݃Q8Zѥ6I9&EavcMm-.`z\"`\0Qw[c]8a|K6\r͚%YH\n=ImyaM~ɠEb+?P634QY&jPYfWj*@ikTsگ-(Do75Uc>; F)K0\ZB\0 CWi6;&E@c\"u۵6Pb6WhUsVkVh5B)KcNT>7\r$חsRn!8LMJma1C\r3<d@rh&E:\0⌰2cX0H5GT9\0!M4\'4>f޹Rw\ZjHb1V4PY7(	&&-*zz,R\0`Q@QI2cޝ\r\rq\\4б޹1HKt\'<QPɦ=T8⩺aGaYk8jjbSmޤ?^IPR~jrd󚷧n9#Mt)Ma;)(MGB\0ֺPZ1rmD}`M#vjU~j\"ʤ&p\043ڤ36\"c\"HQ&<w\"зA\0I 5\\\\#z2Am{\rC49Hq;W,;<R;*t~kp_sP`T簡%a`\0\\\0F#b\"D	폭DSmQ\naR\' *A3B\Z-[ǅd|0lg۟jƵf\'{1bI&j=GY[r\'\0]x*7g\0\r[}7PkVZK;4-z-wi,)7<qi!p튳u	%Z֮ݻ~Y|цB/jW/\rE1\"Gq~dodczKnś:/q \'vnl3kH\n	E;ڛ|SJtk]{yua`T?;i/hy\r[-UqT<Z2\0ONIʳ\'i<?gOtkA<:|/<\00ۓgOǮh:eu:f<U`ue\0G ڟ$\0`&r+oH/CkxtXݣ`Fw9pTw$G9?Gn}44\"PǾ~u]stmOH]Z=鸡BgiT_=[ k*ҨUO<VmĽsN.I>7<;6,FjV$HKLBjޣ!f8QC/ǒK@ˑM=\n3&v P Z&Y,LM+gSѿfOnhb^wn)-$VA}#4PyT0 eL}QpN(L=6kk,\Z4v<45KHҬj@RH14J5#[M\rgjìMk.cD8+%K*YVGU(d_lc\\y$ڱ;6s\0%l	g9 ME?W9j:ǵkFWey]JWjf@\Zkjf\"h5\\<ԍh̝;x@0r$2U@#n\nӂy 3M\r\ZH \0J%nTYP-\"[h0\0QuHKMfw4S\'*m*14XLP]RH;M=X+]3\\c1Fb8ۇL\rl%\'hhr@\0p(Xژ\0DDTaC$Y&O,d qC\0bZ?Ha)-&PM&(3U2jؑUQ	?qD3wQ5cN8ں}QMۉℱ=A`Pn0p#\ZAQ)#bm9nڨh5)8&M.ۻPjn^gh<\0eWFj,,\"bjqUvҍNH?5o\"B_/i3Uu|)\ZmA[{5O<Spwfb\0=ȞZޯ\"xkHkMbf*Z- {9*zfjd(HIRV&!(t&v`+OҠ@p& \Zkw7ڤ&\'i4\\IR?l(1ȡc\n\"rV?MމS<I3iz\'	\0[q?\0[!x\rmt8x{Z[VZN?\0ziuP5.~GV*ՋZ=Mqxf6^#MδW=_]?Wևmz@Y:]{KZPw>VGҙ~Iꍺ1\"ngI!<·>{oAQEtu/=ҥNA׿3rޑ{Qĺ+Z]7Ra<ң`dwYR׭ЃMR&21M(fu\n\\P}7KֿVi5E3l6S`nL؟6Ik=nKt9=.;4L-Uˢ ۱- e[qj}觫un a@7$b1EU&fR%2=Y7ntKq5|Y97\"|-ݙs\'tj!,!Ghzƚ\\~O$MKs$\na|ڤ[l?4m<V@CP/p>k3Fyybk۴m	`IτtvxXaw.z_-wI~jaz^u\ZvuuRkch54P.渞\\WgKIm\'1%q\0+JJo\\H3^M>݊nQ1sq]m]-kM*kp%G|b\\|+Al-BxKF506Ljfm)ٿPjiP96:<v^3Asu\r157\'h;\r6XLf,rv+O/Z#_nĄe0*@.ᘙ:nRDzrugZM@FElRR%QїxcNuSpN)4 @cy2#=A+ Ԓb<ԀDc5\nj\0J]ܹJ\0s9$0LP9FutJv\reV	0O7n$^X#oz~>E\"+HaH(\n4S3P@&#c\ZJ-9IiRq)s]2N;OtifR!Bdek!O$\0W(;*1\'5}@*T4\"\0j<@tIkN	!{T1ӱXW\"N`{61ymf,3@(ކAG+1i\"rM [b#jTLgzP	\'IM4_0~ꔮD-=$i-.x*cޭ`r_\0\0 )v|q\\[i>Ȫ䐸DTRV6#>KWd`ЫR\Z$+Ep\ZfDD\0J\";\rts49+11{w{oV#7T/+L75ÕѴVO7TrֿUM%n{3H}Ctm~={]hZ#z!a{fuqgVYl]խkv#y:~O:ESjWҪ۰\'ڵ5\niz҆m1WUwN͎+^^Ȥd:<)93z>o%]e\ZoTh1cg1tS-.\0u\\n=C-jBϤ74m7S٢֦	[Щ\'Oֲ)R$by:q9h=7H1,z=?ZKlx*fv7-;7\"v>ȑ dTHP@ڭ\'3y.#4=\"PY>b`M3S|)[Bԉ([inΚ?L`MQ<}+om!1\rEl29YSISLeV$F\0Z!f֍Wr8޶T}]-7sqWL^ϦXK_D붭[D70bG>*{v\'ƨt;\"fPFf#ⶼ+6n.I&&{]:ŭC%p+e@<YZIcG~bnf\Z>[\0dm\\]amth$\\VVt9Tl+\Z\'խ\rZ&H5aOھVz}ĴIo+Y9B>{rRqVP]\nXI5+b+ychBz iG Gzcqhl+*ٸ&9Yf@t	.W3MqoW1ޙoPqCzk!z]DaIThxkCխp`7n^մ֏ʛw0Q?zϙ=YxX%ue޹l\r˴H#޼?xY^Fק[QbLpI1^ĊḼ72~?a+8WmEӃ%❨ޱ)yZ \0JS)\'Zm3\ZC)P$湊On*na  N9Eޚ\0<Ы{Pl\0npyIN~+y\0T?4Ja\0ⰽzbf*=AS>)qϽs0 f5dH\0P++^MnEuL\0dMܷ4Wn\0k:qUns z6xf f2`&ozڦL`\Z9WI\0IRG$ރ\ZhavԀ~kRD(6Q\'@\"qPr(\rRp&(y\'	$F981R=9&hG+4p934tT޺czih[pMgDhU.6]Ѵ#\'*ˌw	vx49ڡ^jȟ2O%EHITG6`ĩ/#ڛ*vIQ.je޽eK+*Ջ ZC]8 \02\"w%O;i0 WDdZ A#pO[dT60*\0-l6\rzM&_ZqeZYyW[}9:ՐmTJ3\nf8\'i\n;M\\uMWJ5=-\0^Ov$W(n֥j}tWu~Sa_aISV^#\ZӅ-#\"j-~wL2aN?IǵyӸ\Z\0iEq+oQg_/`~4cR3;Se6tR`D׫>ޛW`pfUn-2a6Z7j-mi36I]nmrM0GyIr\r*މἥ$H(.`#\".* A Rbէ	E*\0+Lq՛%*iY\\\rA1mQGb\05{SwP53[cmOgtlubIkk_E@ĊO)R v[*Kz[ݰKJr\0Hx(P]\ri&I \Z@\0Yyef;\'޷I#&N\r-Enywt%EBLEy-)RO]?ӵjI#W/ixM;^zt(?aY]nQ7Υ\0:|q^SoA x%7QgfLĮJj]:19\'XC)ekjt\Z}M\nVGwG*r]чy}XOw >ȡCWn%;TzɦIf HV*m D@LhR;DFRWDʌ渲HBĚ\rp*mBO֚0z\ZEu\n4{\'#⾑U9\"YvH\0:6Jz;jrb|Hvh<\r$?\'`X]et[v+_xףWǲ͹F}!]k8ԥ~?/uW[sX֒s\n¨U[ضUa%kI-#rrv+ݑ=mdW>O\rQ4H&1K$D\"dt EbyA9MR`@P\nX(TJd⥧tT&T1!(.hPǃ(Z@3LDA`Gq=3@Gzt@>c4	)#`gބH53{&8$\n?D\'rf@BI\'q@\rI$知Dba1R#@Wj= Ey;[hyDsG9Tv @#\r81CM\0@S+itZ[\ZKm0q23HM8\'&18<W\rHhPDj #\'q]>hc$55¸S\0A$\ZFyڪ25cZ*ȾvsHLQZr@N3iZjo檛VhcR\ZI\n\":01T.wfV[KbYkvXʼxk\"~H@jA6}KI:Aܕ\0ү>ѝ+,_i\0WP]+Ib\rrAP\"\\Ӷj+85MX\0ݜp\rB(\0jx̖mV#J])uD$HpRMio\0N Tt!K7I1=KOm`8kVf cH8-ލ\rm0%ɫV@[ښH\0Mmm넪{wlӌRuZT&B{V\"+OCzZfGS A{jڸK#T[[G#\\Wo㕁~+Ddtp]Ï-vֱ80sb9#7cQh=HCw-[ocNۊ#8➎W][gQ>IN\rWh-^ y}-*%\rC> fc\Z ĬIQLlo$T-\'BB$ԮI0~j\'>\nٮR%c\rJUŻ׽\'}ޫ~oW[~eĨi4Kl3]*\Z4?\0Wfy|:i6O>;?z0׊\\W.n`(V4*Զ/$}cA&km4KNHz{f\Z}Z?TĢdkuc_\0wz߲FJcງu\'XoK-\r}uEPW{cЩɞz?^w>v-\r\\?i;yXȣgERZA5|Cx]fܧ x~Po,kڌԒ^Ǟ9GwxDBv ̓*3b3 (DpjHږ o}\0\nNcͲqrIqCudB\n?P!)І;Q 4mUN}-~ɤ6NjRTDaF\ZiA9⡄HT0\"k|RڊpN~jN?4Q\0by*`j@$-qT.	\'\"$\n21nإ109q\'+v,`ɚ&j*)X[D\'i56`D$#1SEqA$6q@\'@=Otּ𞛫@ŢA0&=u\\#Sx7=C6j.:p{|ųeJ z+W[c	ZdU2\03%P?WDc;T[EAF?`tdTqCs\'WvF@\0Pe*2s@OIE$ԚTz\0qjC\n\"\r\0j\'@PL)8rE\"\"g\Z\"@\ZbBn{T LS,i	Ͻ.w~Lt`S\0{gf (AdQu8Ju0HVC\"&vw\\L!dAX61S{sqWW-yݾk=Njl3+n\'ԚG>њFMWZ*I6~:M2Z!d(&\rfW\nIYl\Zh)E>g=mt^gA7Da8%3 mYemij+*;/my(7*ſm\'?^&,AbIafHE`)&O9m1_e ``yD֭-\'&lw\"[]M\0ڻ*v~bB&gdnYe湆&j:mE2qXp6?C:m*3q+^gKeVJz\0+صE15y${JƸ\Z&0\0ד2)֪pۍ\0:Jam^DuȻ-N~W^7semq_6<ƽl6X5Stլj-Lu{V싟1&)M{G\\d=C%ծiLf+zOkKmPnSf+VQtu쳪w۫\0}S$0[^\0eX[>Cɠ;=ڗrG9&i&09]*kwEr߉/t\rC\0~E/\0C./^ϓ[-.0\Zxas9{K梩}\n_thW_T0n⠟@dR$jB$OHbrwhzjg``b(jbIaG4	c-r\"*A}؀&Bai$0H`M	F7c<SBqH}a\\#4qq09AfO`EuUv4.Fiv@`qԺ\"\"w!Nݦ@=\0Giɚɀh<#j!,rk\r)+\0ퟏzw/8s\nɪVƓV/5F1=Vճb欭`,ִuclԉ#t6]E%nIenvq?\"Óǩ:[nK*ݶ}[twWGQen뷺A]zj,ŶkG%LԀ	PP&HT∅`@5Mq8 fr(8}gsPfqBIq\\\r\r\0ԘP)k1bj;HFRE(\nA\'3Ol`5-Qȑ\"S` ۊL\'RB)lv}@:\rJ)$А\rv+1Bp1+K#2;jO@:.4kNnגǨ[ 1JˌWlH}\"HW%cr3h&\0[2ڮaDӏbqָ4jEȃ?m1ivԸMW5_^-<}I6\0ǵ]YeFx⩐̓Cv٠1\ZpAi!o fh	h\'i	;K|H^DSR\"R͎Lg4:lTڥEԩVq.ۓ*U<6&=XCG4=rܶpr+4F `bUjYӋ1#TJVz*1\"	t\'>õkzdrI[yZhϵx^\\\0&>K\n<\0WC0tߕCj/ңkioK-ZzL\0\rZ-!b Af931*Ҫk:als5\0Qd/xO$Kk]FޯrVpI\0ַߓVvoQNkڤ[Yڦ7ӏsckn\0l}dlUqf94vK	G%NtZ庖}\0wm!A##W};IЯ:NڅIX]8{W;޽ΆoReo[kv\0\0S5ZA[_6;vE&ҺWfM;}d}߉io\00P4owʲbr_uC@P$|`(ةA%[IWǣBIk sDҾ\nQ(IQ[iq\\hPE1&hL h{@\nIo\0Cڤ#^$*dg$@\0`f)R2j\"4ڍE?,80 jdwCSv		f(4XCvCLbA	,-\'F;>d}G@ )4/tb85.*1}\"[8d{d(2dW(Oz*cG-ش]J؆\'\07d,p5lxK\\l/YCfu冉Lz&D))%7^MjO1tGUIq\Z\r3 {]_]IԖ`jxcXX0R ^nl7E9\"u/OAO7}W/pw$xNՎͽ\"!UrIO#\'5P1ɢ\0wC<CqA`x& T]b	,Otw+5\'$T\"+2@W+9@+53#p9yqwһ\0l`\r{/^}ڱ!}?|^o>sS`Y;UrNs^\ZOt5\rg@QW~`\"xmEm[}\Z:I;6&yZ0\0v4^U-\'3z;[4wntMEm0*\\j\"_RUKm&}^U\rŗɥܶ>i݋bTiYjK	<|,{C\'>IZ@ vFA1Q{T\rmP6>eڒvVᤘKL6T81W79*ClTc^vFMy҃:qi_Nc@Vq/1U=SsLw/*\0}~)mzr`\rJ![(qd43#޸ \0h\0\n߸Лnc\rb{(\\SlP\\)Qe\nW@ې6sQfH AyA`fnb@<кQ\"ec<N\r!ս[2ֳO MP-h۵5~95ԯ=ݛųhme%FE$\n4p\ni\0ԛlBenEg*h1z\0\r \0+ZSwVYn0Q{H\0ׇI-Ӵ54xKKv|\0c\'Wg?\"8mRv]м. Yg\0g`??j/t_L>)QmqЛ+ac;^GBO4mZ\rK;Ϸntv^NӥnX70bxk\0K.y|7\0!:Ӯu=&PKe0m9l\0>Mk~`?#4l)ݐƯ7ggc5\0Qv\'\'O^.۶[\nAlj(\Z\0=CJrP@a\r=:EQ݂Dm\0W}B9_܏_3vutMl}s;\nc {*SkZ\r\\;4@bIUai3)澣Ş:pot|Sm0\"_vO. cڳ/LAB#KH=3{eHLv$R 8pgBL\r\ZCI0iج\\w{Ѣo%dq@V1\"~(0	n0@F%x\\\ZhKI⹢bLVMNpLә7M$D՛,`Lg6S?AAhj$}h@uLqQ}0Loz&/4Lww3ZL,LL\rx1&xBӓKQh M{iQT3.fbz7M)hl6Tp;W>y1\\ݕ[Ǧך\Zzj:KS+\Z[6\0M\0lktV477]KoQTP٭mvk%iOXΔ\0ĊZwj$rl,t~nR>yNLQovK`>E&fO5<\r*+->1BۧxqyMff[>ޖwN2Ahh~\0O4Ew~ks4D:Ú4\Z%1M \0\0N}\Z\"\0	{T\0 TPT(k$w?Xu?뮯^rDh^oPw\0`=|?޷/[rX4B\0aNn<ϭ0DO]m}*ɷ|?Faw~KOzV6v\" 5΢O\0gf_\"7It_g{u~_C=Mr{I=aUOmuBf8`m8*G#m.ܶQ=jeW$4-+p\\3Ejk[1\0\"^ F$B2nDG0*EmnXL@[Y bk,2͕`Uh],Ax?jNR|`ILqCV4ZsslwMhإHyށ|8u\0 ;]@޴\0N:7V{rji! ء8\'\"ߟ⩱ң[;d-w+L\nW,,-0`n.b3W6t9{Vrps>\0J$A&E5B0WP*ޜcTUfm?U%\"\r#aRVṕ\0Tl(qV H=\n)Q}z{,k:}ĉ,\0v|[6Vq7M=zg\\nJɝI{G~k¢zM/y]cU%\Z(y\r-.5%C++9:.ktsXku6#=?xΜ>Hm]G⼸v{yrQTG]]O4N7\\g۟;#;\ZKƓLB\\SW:^c}eD\0wĝKEsa/IH?O\0\'3}ț`>m ~\rM[F?zfûi$5J~Ef*I{uWU)pjՕc=*$zVvmVYجmJjgOM/,j-%&s®j5owNv#\07J\r\0ohL<xxRHGVy%bTĊx@W\nϟR%YnD@mnV47f9LMkF\"UDP4y vӰ`d`ޑtOniɚQE2$Mȑ1F)Kݟ| Hodќޅjb!I,=	4jIQj	4HEb=謱3acR$%<,{Lvpi\"\rCI@Aib\0;+\0EKhcrP1D*O-֏Lwm{WQ{#+hl<}+tv#-\":7MdPSĚI$+g_u4\Zr}Q^\'̥u9#O8^\ZNM*	:,+[p`l]U62?536?ϝ5PX< {Qp7^ߨx47Lgp=\\jS/eWsWi1>n\0ԒLw,|\ZYE~Ұs̽dlOmAkZ\"|&j@SqaH\0\"jLWDO4ں3(DxcF\ZLA\"\0imbh&E\Z\0	\\LPP&}<PT`P5}]@Q\0RxۧZNln\0>=:U:5U*طqPHc-$T,4~$7\\*q9GB\0eKWIe߿ D6\"R@#$]n[L]guq1Z- XyQXRN$,iŊ͏QM!f\nAeԙG*o^wv]sh.93Obb4Cvٓ81#-%Dj@_6\\}lm\Zر\\h0>e=55ѪӖ\0r+r.+d/\0)@@@͜qQɩ}3]J+v9g:EG15h4jQG ]>ڷU$KZJ/J\0-yn$U\Z,O%v_TLqV6W>A\"YBv/+:\nm|KUcX\0ȌX<jΏywY}X|Wؚع.֜U3޵N֎vf^Yט\0bkRX1l-J4TsnӪJڳߪV%6Ip+{2| 	ޢ9byXߞ>K\\!_9R (E;EK$3~:\0s\nc\n>+zKvU2w٘־Csǘ\0E}o\roNDO#vk忨MC}VK\0\r9A\r#XnZv5V\0Qu.( 1 <n㚲\Zz/WnFIØ\Z3/mPdB|cr|+U{w<2c>e}|+rN>f|Һv5_hluwK;ZpGy:cEzmO?>wG4l!nkRCOڙyshn{B4\nbn߻R`ET蛇%Cd*ɦGbfoj-`c7`1KPGꘪ\0-yZj,h@LናDjt+h@X&(J\Z@݊XܡbPHEpJaj\n\'RDdbsH4,\\yq|Y m93ECq<!d\nHPG4I5{zk\0@wZcm\'D5tC_15jRGOKUn89FRuG\r>) 0\0cf8ybdդ0df8hYkX=\"M,Qu6ͳ gڼ\0Dֳ`}U֍4\rc·mo[,53IW_n\'fhui廊ct^$#^D:ϋ;m~bib93?\01սN֛7O3ު]u\\.H7F.=\0Cq~L|Ӫ%]oci#Z]J65T( fTRǺb9|\Z3H`?ӊ\0-j;ԃWq޸qRxb(,;Ep&1E\0D3Q8Z M:%#i-$vA}3N7_p?5{ZUle&~o\0d`y_x_.%Γf`>b	?ڌT|PqHB\Z3׶\0[x;x^.X6\00Z}{\ZΓꚻ?Eֳn{d~/$#3xr_G.c1#.t[y\"ۈ\'Rz> kat^Wiml<V?zZt}3gPl\\խ&2N>QLo>j8Nl2;S5K}m5\"嫌&r	\"+JJF?_lm.OF[ň\Z`VӻڼqښuD.cAv$@t3W94}9$v%64(VmǌvvDEo^PHPL^yn\Z8\0YEfT&Rg#Ui+mM+:;Q0b\ZB\ZNtAQ$Y\nK[m84Cs|$fhM\rID0\0\Zd?MZ`_[a?PYםtn`b\rP/(3DԥFgR}Jp(jU6B0aG&}y6իoVA&kd-[|z%WMR8rLgz}u;oZ\Z7^/jbm9y6)Ӟ[]S\rfۖ-sOVVkl:qQ﷨d!w+#̩̔RQφ3y}WEΡ隻m)FTn$Gy{U~+xwλ!{Eu.\r]U	$}hbDSYʤDU,g((噆E失q׽R,Axfb2ǽzΥԋiLx&ke\'Lo&0/DWkYrFG\0WP:}}ǛiW:wn\r{vJHXݼS2Ɨ!f]+k@{jsF?t~\'vGo_,,@84vK3\rHF\0$Q׼3cq״?\0axCnnu7KE\0Jx0ŵ;?l1畿K\0cե\'W\ZMV7t!/߀sk}pL۽4MuU<EnK\n;G}lt\'	Iы{}N}\\RQazE\"	3>&#SuHԔژ8Y(sށ*Vc\"(sހ$(9P*o 	c̎(	a3	@5ʓ{\nv!o\0sԀ\'l(J&pOBHpVFh724c0R*{l<\"	LB\n9Ԃ?ble،)yML#Ri=	P9\nO=Gҝab3QvT#^K`E\0u=X]5hkUf@aiܛitpnkU@^4ɫ Lv\'l)L\";qYAc*\ng*m=l`f8-ж <fAh\ZWOs̲J8v_ٸM\\_h́OSfPnx5\\CzzUyWJ0ݍ`ݰ;}~2ĖL{9y3A\0P$El\\ogFK]>SvYEի#oYYj$Qж$ѪP3Dv#Wq\\~(phW\0sL	DEKb f\0l\Z<S>\"9p\0fQB\"vjq	gιmF\ro-MY\0d\0_L=5=1uEuas^žK,/cwn\\Kb61Ȫ5<5sĚ~+:=\ZT̰qT}Ȫ(xg\\\"omxw].iH<I^g]$}}NĺHޱnެp.lbKLxm%]7c}u\ryY,k^a ^߆]kxk>*}]fƧʹUBD*q;\0Jw_>Gz&\',B  &&jᧃ5➬g_]5M\rE>]\0Rbx_C7nWnGk{Ÿ7]B\'ߢx\ZΣGᮡ\rqA/]?fD~[G>x~\0PkCgR\ZcwȨִT~=Ҽ#WSv4zisWx䪨\0J}}?ku;z^ѺwK=j4uzw\\vp@LU/ŏÆt\n&h-Z[:\Z.Zr.*[Kf\Zm|cxG	\'ziot|a)xk̎b{W:5ɭYAP/@Q+UY;	囏JkWoK0o6U.Sq>Koik)5su݂\0GӤXjv\\^iy5:ל4́!wmGם?BS=oiEۚKZJk\088<ֵ]GH5{=*dcx} RJ<Oz\06wMg:yhܿMJQڍ?$\0kmV->cf6DMyDu7$jh\ZKKa-lOm~b<*r8\0v|@$,4F\0 OQ[ܵnб\\H&c:jKI})7vU)wJPMײ4_-)\0fu\r٤:}n[;&cյk%`{\nV.k>L7Odh7Yv\nDNO\nFɶH=.\\ӛ4Hk<2Ǥ\04$fHW,nY/hip4g݋ֱNokGzܶF<NɵG,ƺ\")W]Fb8\"5H5ilݮcN[,dϸ#ɘ9j	#SKAT^׳%(wYCVf\0,O=I.+e]EK)pplS\rjyW\r y,T\00Sk˲]j͝	Kf[nՅ-rB=]F{vcp5]4zn41{@DS6>^F(H7G[[R@lU暂%.Y4;@Sg|XgsYvCPJѢ7,RlZRA n8IbLP\rq1\0Pq\\\"I\\C,Ts`R~\"R0)\0nмP\'jTP>*	N(q\0uR	OҐփl֊MCC84\0\0p Mѱ<\0۱.8%E&D՞I3@\0q_^!\'Ouw|Aҗ^4I|.$0?J/[Ooy5\rc)t\nW]1-GKPn+Soz\0 3_Zxtƾ4qAꪇweH#ڼ_z_r[qgQo*練mZ6Z$cޛbiBc\'ǝ4]洟A|`\0M\0gN]V=2q~J6}W?JG}b-k{Hyu$Fo	~iT15Ԋ9*;G%WC<\"Q]8<h Wv@Mzx\0<rXsLkKU(*	 \0R.5qMe@W?ː%KBN)q**$70iA\'P?mzΗU\r➯Fe47Էt}j2W>uJum/\0kT?ּ|U<3jn3~~&]57`9gWINX}ȿϾx\'Ӥ/wZ]Nۼ\0[-FY[MW5	:΍d\0}5Ώ:ZGiz戣>))UK0}#Of1r;l;t8(Gwz>?o\\ƦV!w>?Jx+Qu<[c5mkӝ!*c_?:-7W\Z̀tڢsi.d({k\nx/\Z.Xtm3+&@8cr\01zOsXGFo鋥w3\07Iٷj4ӧMMgFk[MԺuͼHh;xuOK|%vzW\0*|65q=D0i$|tNɴ\0%L0*.?Nr?fmx{W-%~}G|O\0oxAt^!\"hk(/u봽[}mjJunV?-ڱz\0Q_.:v6Sl	6u,5	Zz3x7?2SxgCԺӟٻw f^BkM޾pp{oUW}hH+g~\0l8i\0KVnܼ完)@l\nNYY\'I7i۴m01<OzcێffuxSC+I{]nMHe\nl3\rfk[}_WqӲ6%XA1%\Z2Z[oGk}	_}Q\0W-G02\n8Lh\Z2\'VԾS07\0@ets 2?\ZN^YԵz#uȑکZPpU7oeM{X0Aڈ4,?KI2hoJm(o.S;<ҮX97hb$iIe\nmOҵ&\0\'T:ҕǨ#}c\0a&lB,ف),5d\\\'ڦe;jH;$)1ޔɡl-ﺌN@3Z;zvcckwd(k6*YQ*-t`>)pGj`YS؈#ޙ-EU\'.Lgڳ\0b{z^u؄[sPRE7;d0H$)@\\I@LtUtY[bʯ3W(^.\"tS^U\0$j//y#Ytzkn\",Oi<g*v^m:ֳBJ\\dƍcFWK/N:8)k|VAjN\"\0t~ZW_|	;I1r/$#)eM@皗vӀ\'&ڤ4Hh/ltAmJY.c^Ϡ۷w&rQX7!APڦ-i8nޙq)@H^x257jI<5t:oܚJ$-o8C9yb	ZL\r1JUra@ڂqk-OWV~jm4N\'BQJ4d̊`a\";l%[(\0NiIuLF\0O4Sc/p~L]4ʓ>S\\ĕHF%ɊKZ?>#dgNY\0rktN{C\\O<]S9\rmԒF+nk+gKeG\'YԾ\\.3s~-^vVo6?8EdA;Iy^y\rh̭)4.Ld\n$c}i /w#0pIbk4l/u#m;Mg~/t𿌵7B4C;N@տ\0ꆛZ=CM\'oKxOJ5kZ\0\rmmzSV*17\'G^_SxA$\rqYJsRTK\03M![R\0:KQ[]`f,Nx5a\0h	?4`qWLM&=D9ɨP2xh{TP}93RL}h{bYi3hAig&G9FTHbH~x;g]c~^V(tඛSO{]mXp?Ab>x/oYK7D׾ \0]S__Hk\\.[] ǚ=y_]w\06.[x +So=wYgZ=R膩A\n@oaKyz:2B9[^fb#WzoXu^SwMzєe:\0j|EкΧuLnڸ!\0Ǳ5ޒO?5	=şY\ZkMcz_CskuZV=JL\r}K>O|-<oOƝ_р/iە>jؑ+Ѧ31W_j~]^mY-Abi\'+9G7ҩ+>oJ.vzWPӬٿIؠ\"r\"zZKkfFiB8n{_?ĝKxK6ܲb|3Ͻ4>}+:y:׵\rjf=rv8K~3Nz_T\'I:ƍڻU~1 +\'~{u}OQ/yjwl\02y5N۹չO \0VSӒ\r	+OT\"A>yv۰dzޥf^Q#h>yF;LDӅ|Vov ױѾ:ČWl:k]k0X	DWL6flQ(bcQ/I.LhllHݸ($?לbUyh9I>iN\"8Z#]Kwʡ:tbޗw3>cNO͵4\'#,9\"k/MnY՗QqUdD5rMvm5IԤ5l[\0j\"woAQm	$gC]rڷgh[Bþy/YHj0;IRĐb\\ٱw@pKI|SBJ\"]07ex	L6\n;ٶw}SvP&Jdۓr9&*7`+FXr;.-:}0Tm)\'z/-h@[>;eFdV8ff١h$UWi=6cx\"`0ckZ.GkIanZCq\0VL^Ahj;qvۈ&E5OeqSjVƾs,|\0xUI+WcMh)yGlѶ.[2Uꖵm0h[~{74#PX>۩X#xJZ厠!V+?-*+wC2\ZvKjA]Erթ\0dGq`h u]H0\"q}gEXm]@\0|ŶV_ M$}\\ͳ*j	3+;hdP=q]4s\nLL	$\0 	2x<L,0FӚ&$\Z1HA6bPQr Gp\0\"MCp92zjƗLb)fv+m9E-HIېVFSi#5gڲڝQ2I\'kvյE0v\0	KEwuj(,&6?+p+,}WpN#a^vzīim,m X\"CQTͺym~߃zEw1^-Q I]HphsRCUPDUęc3SdN8FŤYe\0-OSZvlzu+]bG,u^]-NXڭ՝}GwCŗ.9^ʠsDѩ|e.t>iuw-S!afQ[Dg yK`{@{A`$[q\0WHDE0\0hN3G-@$ɢpcWb)83ҡC\"qNd$0Ðf7׊.x_~Vk~KbH=וTpHLw\ZN.C3.s2}\0z>GSӤEF#(ޖqɯ2Mn\0;QpDRJeg\':߄:λIiע\0Il̞*\0UXtXrn1#U\0_oMvޞ͘\0}׌oC\0]?\Z}=zpds`b%Q$FGj6,w~!KýkSzWm޵te G=cpkKft+m\r^0]\'KE\\M.JӹjPwbGjY|hjԚ=cP:[:u\"nAe{`EyՋ:fLiqbn0sڲ\\˽LۻnG\nI W?[9MR\\lZU*LkPh;6ac5\0	tm/R\rizb-vJH	<ޫG6ȯfOҷ)Cu;$ץoiGr)j>qT2j)k^`Zj\'aks3{1	\'8`@f/!T5x%\'VC-BȜ~7A{Icu\r&Il89> i@-|nN\"u\Zt\\%\0`fՇo;k=?V[YN,l2{0.7?ZykSK\ZkitZ҇\nIAhP\"?a\0Z֗Vo1Ѓm\06*L{O,[&3\"m/pX	s]ٗ3IHo%3\\&\'3T	Az/ֽo3KW\0VyGFr>2V\0%<afo/[;g̺J5,/{+?X!Pc!&}OcL.Tf^@&+~Z0HgG\\+wW^nn׻C]?[Gw-vC˄q[9>i}5lNbSRW1yZ))\'VtKI#GM/oZYʼO+[gӳ\nONv{*?j^el0ixsQrAdG_N_eI\'gܹEF8wʸ\0 ɥ5Fk=^&ޣÚc/ll3M|Jxr\\W5.Q|5V,zōqۗę5ڨ}?5YDګ[剉]ΙqʙmH94V]NV	hmkv#$QR!)ii\0B+a\ncul(qhP|-.)lٟ\0샑]$?Ҥf\"0?+\0	\\LNh`\0]O[sP\0c5	>1qvCcz-R*͘>kRWpژ2{Lb?}:OX߸Z[\0PD\0j\r~ҟ1-r\r\ZiUSōN),[LwI\r?Stm48/=fYNCDp8#0O@y4PSmĊK{ \'?RqB3KL(Xo.n|{ޫͭii7^u,F̸@0>\"uqlcһ&\'U&4gj.S.wv$I4\0`m`\0YNsZ}aǾ(avf0\n~\0ب}|6f-\\P	\rE0\0JMv=\0C0Yf+^RL,L ~ky<PG\"EFx+a}TIsBJgv uX]ca.=j/!ڡvy\\ep.Ǹ\032rP-vw\0 aG[\r _5Kq\\Reh \"$Pm~oƞv\nn.\0 ڼX̜)%Ie?ҫLV\rBr>( l#\rn%zd\0}fg}iEiue\\	TY= \nu/0&0){\nޯbw\"]]$;#ڔ8^ѯ]Ue*\'M,j鶵ZwWF<LVG=GIm\\&B\0(nY6*s^ZpItPN= \Zm\"~㰂\0cEeK]*$K\"\">h7n8#Ҥ+5w@ i\"h72i@V\"Az*v\Z-pר[vI>kѻmX_OC{uuޥn\'\0/jA?f<jqt^UJY>eU0]KKs]|]\ZjFZiWaxjQG եjCFɵmUm*2@f%wmɺ1[,i-w{MZ\"ۮS.v$dsWf}ufTDbC~גbw{^{CbP[=oi][IpoԖ8	Cغ\04#*\0OtjQncɜR^ݰl\'dXy0NMV&8:ruF*~7\\Aܰдw.jttfddֲh8T,um\'N\0f[J.Z%^\0>΋M6m7,%w.8#cA6]F\n?kUh\'f8*I\'E[I`b1\"kv\rOb&{lf)i:meM*5eNuj$5]@$sS[rJΠߘԳ2$w5^g\0GқZS\r8YrLn1{=\rg_vȻnڬx:nZbdc!\0\rK;_hsVKGRĵ0>8RZ3ӝ\0 Ec\0L+w^L&Df;QnFgQ<\"HXl0\rYy70]a\'ս6vS;KCM^˝?LN|6fu\ZeNDVL֕)ZsJbȲm)s*3V^]%cqal}ok5VYrYS.G1KX-dɑZ<Eb屳e!ڮRQ0Q}\ZKR]2Nc6卵>jNm3`IqElb>	QϵDkAGk9ck,-n8K{3.IU_.Ueb{|VtC{*oQYdvE]uRҬjo21޳ *Ի.{ѱR\n4Ն\0)`2SmH |QtcvFVmO֙b$\r6Ǣבn(FfuQkNT8MhY4zL-kUu;o@@u\02rƫ*	A;hh\'G-sɓ\0տOږokFKe0+R]1TjkU{M8ظ4enJRFf}Gٙ>Wc݉\0jƑBk1ڸOQl\nkL@ԃ\"3\\@21P=W\r=z\"dq0)=1k:ÚmjT2cL׈F	HmP84\r0kPTŲ-9\'KdwbZ\'XY*Aqf>kȩ{\n>>*KH@:a9iȴr`\031&ե7i:\"]n@1DGoJcF3EcGbGNR~\"H^t3|N%eHfM047cZX\r<دU?zO%srg%m\0^ZMf^>U&P{{\n׵пu|C5vՙ\0N2DҒˎ;&\"B)tZػcC8+bd=U[1LQzqmfdzZ,|ޝoN,XʬDZן{RGa[]Rr\0Q\0٬+v\0泚LNAen]BSv4ťp\0`OQƞw,z~ö́u,A̯#_I\'\0|؃&\'eliM}Fεv­mC#u5=T4wDozh/ݕ?iOIrӝe._pYaɒNѯ5Qt^k֯j5WZ{WwNԕXj]\r*oٴMi_,B䚹$ݶrC\'T3U]~TG2\0z8~kxxzgPC,؏jՋxfP\'W6eJC¾[/xP-]{VY魧fK14JNw<AӪ\"@AXh6K@j+7$.ZbH$\0iZM*GGC\'ܑYKϽuv\\zIڞ[UP_Y;Cb~ qq=\0HXN?4is^?[z	mF`k[\\G[}4XKVӪ,ZM-4U-(1]fQlB&ZGiiÛ\Z6c/ȧP^+e!cޙfX5y$Nwg\nt{WB]Fރ=m[^\re7uа!<ՋɷlEʩ=T\\*X0OC)YxEDT=)nL\"t0LA\'gUrl~@A0HY4 \n@^ɢ0\"L\0ِ2(\"s2ymA\\!@RG$\0Ԫ Զ$a-۪\\nnm\")TQɤݕ.3Ke&%ɀ1 \0dTa	9fb3m0-9u\0Ta\\r@1މ:+\nӬ՞?ޫu[1\rPlѴ\\OW\"k\r \0\0i+U\\$2}p웖2x4v_RVTT/u^gr6Y]Nkn̞Jȷ.ehR{ap&=KujXۂ$VVOKfO4aT0~\"uMH&-@\'\'0\0$Oe)M¶Py1WzZ0U?aU)Uh\r1Cvg\'1?nhRY㊁9&\rIv\"`41931R1i\"gIvɡf{Sc sLT8\\R_3S01Q3NnFSoMy\0lG\'\rMPT4U[ Yt9ojTߚ\'5m\\o)U +lO4JCfmbtdvm,s[V:,{F,-m!m=\\vyamq4,FnHLu&Z[#eJ϶@D22jћkEf[\nGzowm@)<S-5}Ϯ`9P\nb\"=|\nrWl52SY(}xmMUgWXz4.ږ\n\nqu4|Ql2T4> B\\H)eWIOuzۧPm#p\"dVω]KU_VtmY*CyvB>q	j,~>Xrцֈx0x^-I\"b\"o =\0`kM\"-!}WPI鴚]N;8`{VZv.9amg5i\\\r`	MN0*:Ybmo\\VMbi\0y(-=Ӣ]U1\nnn	=):6|5rLڗu[\\[Bc\0j?Z{K}M&۔%x0ykFq5۳v&7[[l;p\"m\rj6?zv-608ko ~h\0	8h~\ndW?mQ}1gQ}IMyx-n#hsV5]dԱl>Ǝ?/2ɕY~.WJw	e	&jd\rl\\]}}LE-8*g75,Ė|n\Z33^vZ3u3xl2[Wu;T@Evf\nL{xX2jcN~nY,&iuuww!o㳅k{#DԆ>aP(y\n1;e#r/\\GW-rT?/lm[\ZV1<E_t֍\Zj\rV)%H4I}4滋Lt+3iyZ\0M{&@(Wm;ykt;T@JpT84=jb8Yؓu.%#qWHlAV8ڜSgҀy>1N(v1+ڍmzpiiiR<˚\0j\nTÿv\01DC?Lq4v%w\r8:cE4U}=vdjU2H@\"An P]Y\0\"`\0=\n1IȨeΟF0ˏsZVY;jKBdo@VY\'VzlN7$yn4܃-FPs7YL?jH\\v+{[-v$x4*n@ak{mSV&QNLHm+G2 \\ۚ[[\n\nݰnZ\\j\rbD5tg$>Igэ;YWtAAYЀfmm @13WrKޣm!&a&r\rUn2[(&j\0wjF>՛v|2q[z2<,uQ4BVR1DQܴwKhkR5&MpD=HIL͖JED(	k]P@-kŽ.*	>员ҽ>#@uf>WBQ$`(\0;_^uF1A\0LdѢlҏ.C\'X]v+n\"W}05OalN\'\'r\"rjݵ@8~\0s/$(sPP\'V(E@#Ե+v 3%E7b1G:\0KTD>Wj^;R6;M(_\0]mxڲm KO$KȎԽ\\y;#i)Kh^/$K\"\"/o^ڂ:\" ce\ZMJYMWs*`?\r?{V뭵!mx\n\05SivN5?xwNM-=2\n\"k%|ߑo#=\0i.ku\rgXKKyLT Dc#[\'\0]]Yv\\ER}fݻp;ODU~*AnjuŋI`IӱX/^5w|Gsf o`fpqRXGˬt~յWu]75VnvWN}U=)q\n }C:&EԴZWMR$HG߉WEv\0N6=k،Azrb\ZG%{fņE*>Ç\0ލS}	$\0C=>Ǚm-&s_B-Bk=)^\rY:mUEև5AҮ]\rAeJ6z,&y8+\Z=늨p\ZqQ\0) ~к<ն#kϻlGX\n6n늋6Զ$An^,Oj>+kH-ȯ7ԝP~)	^mhVI$YOC!&St>i.]T#+y۹oer+iYɏ^\'=Ƽj0E(GA?5$#fq#R6+uA%=[\"niy\'߳Uƴjs|EJbvĭ,{P䪓14ͪȊ5R:V-^q̙{U}ZcSJX{E=\0iYKN5\Z{ms\n3V?\ZQw;,-ܒ3K~hPN^enʶgWbR7Vо*.^r]yh^L3T\'f&f]nM\0!\"n,=^&b>f$	_L鴺HDzVPڙ*NxX?5$\"\0r&2S<r*\ZӅjm,ا4 b\n+Gҟ*]SMڐhfpjg-\Zܑ]/:REe0\nb*\\lW#1+Q疤g1D޺.\0<\n3vF|rv031\\PăMU1#\"9_گcvTKTۑ@[lŽNzS9jQ\Z}:Tv\'WJ\0,d1Z\0.mxJ6[$auKӼ]w\\|wP.3&7rTWt^\ZeBxu9Q->Ǘ(,\nA!d@i}n_p|TT-n$L(LD&}apliDտ@`K=W{-Voj(P?UNU#4D[DLsY̤4Ei7cڬL}U*Ό8Tpjަ\rb@$&qS8!$)؈l	ˑ\\\Z遊,ڧ#\'<ѳi~ֺsbR,I-&o©1_x\nγ,l\0	fSOW*Z\\5Ijƴ(U\Z[(1{fL{qCE_%al\rL\0̓$s]\'\ZW	&	l{:ݩI\ZM\\[k&ylȼXiH\0Bڬ:9#SЏMżCjg;bDګ]M^fcm*֌jn\n\n*{Tk$^\nԃCc^זGWu\nA_%zZqKgw핰7`5z\\8DS\0zT	i;ֻW~2	mj*J5к}!ɤvxo%Yi]1Z>.ܷC\\6^ˢy.3%V=sI<\\Vzٱu󮝧ݮiuzEeȟ:;^hw=ə5z@^R 8JK.۟kyd<܅%1Zv掗AYcm7D:OM {IR=D-aIPXs㮿au!qt>߾nںkE|{\"7hAt{jvb2Oem$Mqm!T615˹pgeQ!Fm+\0ޖm05mm犕=&H0qڠI;<U$f0>)ISzꦮ`pO5]xMu$pOHui/47<rU[~ěubxVWr^AwQ|$Kk5/K+CY/$|\\aqP$oj`Z	IoyT@7NJ\0M>QdpsQt\Z\0#*%0\0|զ5@3EүTZhKwr6C	=@?>iq\\c4$S##P=شrVGGL,⍗dhQitW\'`cDGb\\^Tg9fqo.?\"ۗo*cB`{WI޺AT\0b_ED4!aL\nj[3Nl4T`@K\01?@jŖ(Ͻ1uF7@5צL\0<\n(rh4ȯu}-4;L\\l\"\'osWz^5v0u>E!-R`j\'-8`+ܺ0\"tʮV3mjg$TE\r	Ka\Z`Gҡ>5qR*շX6COC~ճvq8ٔ\'jg5evwl&;J.p)\0\0i@r$Iɥ\\\"\'])k8U-k?q=Nf2fKѼ\">mT	V\0NwP-ɩk@_+	yDȀJɮُreC*1\\nD\ZҴbEj䟥@(m̙#~K,i]dO]JO1Y>Sf8̊J Hb?y\0=QRcKTېVɌm0F=؛iXsVbY19M1-78sSŦgk]}@Q\ri]Ҁ(?*\\U\'HTfRDP=WR2+e`(*HQş#R@Q1\\;E8Q\0>Ɣ&\rbAh93\\14	zV@\"]qQ\"#pN\0$wxQbǉNѻ]>S\rpO?0<7ɮqvVi7ڦݷkYhK!TH6[ޫ+Lc~2GҬ-$IeM;Y]m<IPG3K{.D\Z}Crđ}z oy\Zw>=wVeZsխ	ip>)dNEp!dG2;NI]B鷧(l4ػt[[hXu״@Ye^Wp_/ܓ^U\\9?L0)!h$	iI#+(HQ	Eus*@2꭮ٴv7bjǉf৩<贝`i5bMyfYy$P-*@&~&u{Q!?,]ĺWg\\jx_[յCUwQEf=\n\0.;wwݻv+;?B5	y+__jGwQn.K$\01x\0[<Aŭ@0Vw={BX\\my\\5Ծ12YI4\'4\rvCݬ27\0Z\ZPp1JYV `ESIRCAG4\r8۸*mֈXZ}ie#v6Te r${cGցUdE6T)t乘4aB\rƹ꬜K$$Ȋ;M$	vq\"x;WYeLTݽv[3r\\\"5)|Dȥ}B`kH0A1U#<pvl.銳g|S-ǨOHTU6=D[$Ӯ\\#Ne}\"!	t0NY+s/|Ճq3C,L\0M$@\\#1jϷi\'ڝso;oUi\\A4.2L\rj<?(XAFU68Ɨ#4zFHf-\'\"_2c+Ul~xiFA9x\Zm+{mm/YuKjsiJ6(Oz[e(ͭ&8\0sOj\0q8+\ZWQ\nվ֟Oj\rrȦִS}={b	U;\Z5!cֽY;Jwb\'^~.K\'F9\'v$Iv°\Z=JpC [+7(pjX8l`r~XmJ\n@NOlV?-qdMu]mSt\r8:ePf1ZZ[V<bkNs8al͕(*$捕#Y\"k`V{V214MoYpc!1\nC0\"	\"sTm)PK(3<\nUPWF2A8[ʄ3RQ88Qi8y6~ȡU\ZDX4tV@\0wfyd,cbD`(BlkYFrf޶0*g(zDq{~)~jpc>*p&7\n6\rv.T8[h=ET/tS?JVQn[cj\"lAIj6\"Tf2OmKoMƻtf<nn=ɲTHNdb+&ʰ0mx4#B$9t gڒc @$0pЪ~jܭ\'o1 TWw\nn۶W[eXE0${	XF\0{BS1M7b?ʊ\0M9J}pTa)݉\"	0#޳VR.[VjVMBwcViJ2M)Z,Uf`ׯl\\ӫ㺮RO28YS=O闅b\"`8<%m<KPK5RcFjj&7|MYNܴ]70&ڭMkwzqOL	MriƖYvNV-,l}Ƒ:i6o=\0{0)T}P}G;¶#mHSz\'%LMUUbiox>ĲH?4n,7pc$_Mc\02Y,{H:oTM/0.(1&@}e?ڥ|[fA \08^Ѻk2]-ӵ\0=uqKFO+\rNg$q]vBkYLEpb9`DE16Xiʶ-n22Rʹ&gJe)\0fP.OAQmTM6O<VH&3}ʥ=Ǳ\n	<Ufp4HF-ǽKQsaVmԘae v8c	\'*JG(Xl|\0)9r OXЦؾ5\Z9Dlidxl ƊC`}*\n\"vF*AxlBkКv/b#Z	%`Oh]u,yh^n>{J\ZAxlİ#\ZIR*1KA)O\0̈R&>>JTe5FRDOqHZ܀Fh\\\'i1wبm9RGTanjז3Ca~E\Z僈3E\n\0ɚA	]P{\00DqI!QެRG.\nVx&sdi qM}\"\nݱܫH&ړ-N*+)BtDA\'\\*\\Zzjwg\"qdW:FNOY	Rc_5$Sܿd~5D+CQ^q޷iz{]ջwH8&]#UW\nXF[jqJ[UJ[.fO\\土5gCk\r䁴0~hm-{rݽa{Uv\n$7x;$I(\0NܸhV=މmЕr`}*ȶgEvG) \\*@?5qtԔ1JjvK`[8ƠI1ښ-3,S\rQP4+]x1ڬZdyI3;}(@۞ZDL2WQלP[RdAC[@JsV+87Bg@nSoc--UUvS/nEUjZ[ft*c\"Mv@[cq0)Pl#r[NqL܄T4vH@dZ7]>*p*%>m&Yxi0SWa\Z{NLGӚ\Z`?uavj.HfK+qGG\Zߑ7_҆{\0j6pUFwEq	g;cZN]d\0/\'KCTiY\'1n>&P7nZT&Ӯ;\nP3sNląMC~i{t9BK>!\rJ\"$0f?W~~J>$sC,&)ˊ\rDEpF-T._~֮\\s%)Yw֦Z$pMNXrŞ74ϪIqX3ǽ1}*~(paX:\0joUq}?ҺK\\5	t-	h^{b1Yk¡cvCKFom\Zoŷ,i{ջy!#56uiEVaZ*N$dɡO4ZFO+rխ5\ZC⩵C0DqO@34BD踍-{P\\&\\3*i)b1j8.V]pnI[aaL[4qO\nNWdm2h*M?^I1V+m\'+M?~Tڣb=M87RO[\"2L% pEAwӁQžz۴\'U	5rP }*W`\"I*e@&1P[j3g(M$BJ2$zxyU(`VKFi9 N$Tܲ:#5jG%Q%@:cEopaGޅ8<ԛF@Sa\\!ށnܙ(\\mV+YORh89[\Z$\Zg[4 \'^yr\0qVn(%e4	UȮ\n U9\n&=lZF&$4ZgxTXUWsP}KtmlTV6ɞyy\'|mI*nJFd{\Zvu;qj^v@5vfqI{PÒ?އj-Q6P2q%OڅA]QX;	fBy\0$1Z\"5iEmچ<*rV\n`Zhʷ;EW򭕙3406[Ȁ/&I8P\0 8LTze\"e_|RBdM$V|UA4LDTAUX19E\ZJQq\n*ީLYvӿiP=Xl4ٷv88m`NjApo}H,z~fD☊JaJ!Uv,`	raV}Ȧ($>EF-#v	~7Bo16LZ+W?PzkUpߨ	Ն-*yDF7-\0YrUIBs@Zъ7Lϸ `L[nKc\"fFxԹ8ȩg?H3Sr.TrI{TZ{ڎa{B-?j@\"(=[X	\Z]hb*PeCP\'k)#⪉{VuMHbϕ@G#nfCwMa\0Zʷh-i=in\0Gzvi5w,j$d\"?S?/spܰ4MW]AXu6\nJA35z=*U*Nk+LڒPD^PQ\"aoRIoji}H?zUpõ\nN4Zn?\Zfӕ隵mv\"&35ddM&\n,m(QH}@vT{PԮTe36ErVEl6ÚJQ3<\ZW~ó;˂e\"Qw֍i5T\nVD*E{Et38R5wIp\'zibmTҲ@\0<T=Z^o\0qϨ;G$`d<F>9~+T+l2rqjN^Q4C=ʚMerZtl\"=i\0mҟiVspPOղ;i#5ּnSze0$ZTkzVM5ۊ,\0i;\'HIDJM[p|iE:[L61\ZP[&V6ryzxʴ*(>h&ʌcq4TG[\ZٛqSȫ-fG%ݤeT=X,ʅ~$\n\0F{) )O6<ؤpzޝMkza1Lg11ҒpX1u2>U*A\\n*Y*p};4/pn\0qɤ@-7|iԕD:1iPHnf\'VwI3ۊ.5ZZj4@0I.=xQW2\"1RjB$KK%B[i\0zO\\d\rlYC\Z2q\'qBX1U|J~=Zr3*RN\r*ؚ8w8O5Q\r>,T}i]rp(Q%WN|Ri4&IFUB}8*.Z2	P;HHTU6RYcy$52Gs㉣h7\nytT7 N{b{[4A269; NiruVܺ\n,xAU *=L7&1F&}[{lҟD*J1#\"jG2j.b	я#NqRzC(\r\\=5.KӮ<VœuG	iGf=\0ӿ{\0ZN:1܊@7aԣI;-<Ǩ((I#+&鍔_Ip4caBmX69,\n]܋v\\QQcR\\yhV/?3F-psV$S7czk!Q]`-`sM\0sE[=ɨW{v;\0#vdpHAĬ5UJ{2EiTEb\'AWglGZc7\rup{3lF*@G6v5tX56\'DR@p\0jg:=+n7#|\0fֵ}{.M>Z\0.SѺ,\0VW&Ln3\\)]FFcO\0&ߗtǽhznztw\r?NE\'Gѵ#K\\p7ڔi|4v.5k(s{TrI{6\0^Ԋ_/۱SKW`jʛ$+R\"ε޸ց{e[ǱijH_=ؖ9A$k 4$ďOڻ\\L)5Фo\Zj4.vR~+.\"v3IuF?TInjeI\03)+c*Xi}Jj7jQm]i,Yc,G>T][lcV]3&DIm%nZ6C+\\HcjXkmqC}-3U쀂pr>(۵7)?^2#CM>HgtsqBڋ@ۿ94E<֕*dDslƦ5me6Lb&د̛gqVA{\ZcqwD0{vڍۤfUcށMilJ\ZfDA4$6](\rȕ[&GuY#`Z3[ޥE{rb>\r-fqm+\0(ѵXVE&T4UwÐ@3\\W`I[[\n㊆IHTNhcG3B{Qle8_\'ӷi{fH~jB%cq6MzFnVѺǶjHD@n)Ɵb*	f/p[\'wq]mMUDsI	G䬶䉀hYP9KıBTۊ`Ӳ\0(rv܎#) \0zԾQP@56n;J>\"Pla~V!xӽTZBϴϽ\rLN4Uy\00>*F.Ndښn#[RUfks\0	&tH1MJJє	3\\	f繚rɡǘ\"[ED۷jpZ=QCVYi6R`T@(g4	\nw 157-*X{Q{BZTRXhnY x7!D=n!&qEڶb;fBDoXCOWȺ\nHDSj8eܷ>[vUkLrdVe!P8eyIhhA`VF\"f$3FsajZs*h,]\'h)yf^Gڭ٨ݑ(K5*AUѶօ*=ĝW>&;!H1@·pL|SQ	G,CR\"\rGqBv.6GEi<rv+ގKSKuB\'ڸY6dWNCY s4:\rekI4*C\"\"\0OGE>\n\rBp\"J^=#gyeKnBx֖ܿ-iߵ};;IM9eOfM2=RӌM%ڑ1\n}\0am*B΋\0Uw&b1@Y	rŷ&଍fۖ)wE$$oMV04AQ?jTv^m|vʬJL{\0)C|y6%$EkFU)Ρ|/GL3Y5םd4ztI`1U^W΅N4:@an^b;X\09޲(2WڽvX:^d?8܌}{;hKj|PnB?N,m38IW|^SGdjJ)\'\0@zWzۯԗQb[6[VD*	>y?#Ɍ%ŧr|S.57ڼJ_]*[wMҭ}k<#\"-=5G6jm8x\Z۝->\ZŹX&xKqes4FQBf{DUt-\n,F7VtS\\KRm꬟NtGKߺ\\YFl-.Ehiy\0&ʢT)ԛf;EP?WTSHKGm<]t.Ds46⇢ ZwQl^wٸ`m\0SwU3cI}ϸf&9\'<j]\"r )?s?ڻ\ny)3v\').Q[omWُ1G\'ނ(#i4!,Y.-m=իL_犨KL)	(5[aM\0M)nsSi1$\nR4.$O.9VRCq%;$mm2\\_[7ҳe-heVP֠Hsp0@[a8<Wt/*pc,7X*[P=CUTE}GqHPap\rA,7|Xkb+Km!_K8be	XmDQyj\Z2#2;Ӆl;	sS*X;R@t\0I]=Ƃ@ 望֍A\';MvFC hU!⫕	DPm2?ZxU\0F?j;\rDRZ~Հ<֘_R:N:e1j|OA>իeR`{㚛iت[ZA[~h<ev1nfO8zz7z!>α	\Zuv;\r\ZeoLz%Wbd)U]=$\rl ⅁!rmgk>1*;+Sr.\\7ߤ#۲EvNIv);\"i`$ȁO4pU4pް &>-8r1Y?FT7\Z4/\\T̰F=\\[\n|iѡl465J;O֥j9⧁]~Ű^~\'n֒`[<I)zd\r84hM&UiN,U>hLz|U\03<$$fvT6%- CQjm镥@coA$sWm	妗\ZZM)n#5}]Pʨ \\}i_%Eq\nAF~JH\\Z\rƪPA\"`\\ieS\"!bXC\nSMe7MRE*),@NJBXlyzGQ#)Jg3J{ha\n̓p`>EB+G*^5G%m3UF ެq<M-i?\\U:_!\03hS4vٕ*A(bw*d\"DZuuT4{vmxLs3޴4\Z6-E#kdgڅq.#vimg*ʣ\nMջpL?OO+k/wc5^ގ;o&؜TwRDj,ض\\\\Q|AV$e2pӛMdW`cWUynR2% \"M**괪VuԢ(,[k@>_,YF*%w[Udgi,9K[en@3L:&dߺ`9sxSlwS֘\\Vuƶゅ@jLR]n,tzw(hhz=J;>nkG!3{}zfJQ|ܽ>)]bJ\\ZU@Ik?Tzw4PZݥN6K{{Úmm\"#՝,X^xkGa\re_v \nZW\ZE1U|KYH`}{oÍuCE`mE\\1HV:wI͍EMC+>9$֑O\ndNR6JYd\0KOh#zX+#߽}]_jjݦ~i](Z\0+ն&[~ߗ%+WF!OKv`+x}k[D\Zj܍Lvh^]\\ӫB\'whfLny[NcZ03\0vAwZtXcѨR\'gVjyLHtOT+t\0/kCIa?Wܻܺ/KvZ3OguhUۥI$t5[Br~YEY7@ʨUqV-YR%XUӚj	|(juy,0߹q\"A3M2g\'\n9cW>WԵi[r#\'o\Zxk[v(<|i	]FOȵǗn~OUw9i%d<ɢn⫠tr\04Υ;knϼ6@(\n\\}qHܲL( 1MK;®XEq=)m4EW1i²a_n*,Q2	HiW4϶KD4A+d֌AZtXimhD70lZ$߲ܐ`-$4bڲ?2pI`xh\'@7b~i{(rd	Oy\ZTc&\nV+1\r=}Ž2#PdvҡgJT!@i SXRNL\"&G4RGiN?,I5b``Ej琲>it?{U\r;6ݱ>G$}HTj[rkpAƗoϷ$|T}Go\ZNU뺓 G~ E[\nqDl\Z̙{RgMvb3M#\ZTˑ&\0_U\\9zSwh풻ͤ={]7sV\'kvM9hPܧ#\"qsޗ/HuK_*H)lcpB_Ws84y\0犱oIaڭ*]9Æܠܐp)tÉCU%l8BĈjͽא%f$U\\4*#<3.\0ۓ0q5im>WD]iwc!Ii\"kkǨLQB|cX,A@B,2\\L?:~ͮ.]{N/]GVzڣzUD26=a6V)gTJ\\+}twJB&liU};Oگ0\'uOG4}]\r,98bƢ[7OPqR.x\\U4\0CM\"N08\\&()޴s襨Ҳ5n(i+{kp>**Z(ķ8@@iwA\07C{%Ս+\r\"i	d1~gFRUQ떺yf[Ną\0%H5:MNZgߴ!PyU$\0_QOMj~ލ,-۟2@YWoK[yT-lEԐ6@7EՋz46r&?jbE[S:]:5	=DFd0[氶SnŖP7\0	4ԗBI-7۟#\'+A[m\Zx3D[\0EDӴ\ZUrI@57\n2n\0\0Ӎ䣝9C~E$\Z#r>\'VR+Q0Ƈk/4\"͛ZҖ=ן/R֬uFV%,/܌xW4*	>ha(M\Zaz6UݭD:K.mY)gпz?OQ꡿tW7_^Oum_AwZK\'\0ջvi].ΊޣX7,ǹ#Aj֖ƚޚ\rx,<Vݓ#9#G4m5ͰFW0}hu.fޣkgci~V^]x]gPC\"\"h(l\0\'x\Z]Z#=2\\M@Yb{+Q`/KyQyͱ?v5<=bMi\nܗq8EܫڼWz_ew9mq$Ln1!KEƱl\\hP~ymǓWڋ\\69#PLF)QvF!\0ܳkmH*嚪\\$U8#D==َIXfMüA֗[mGEu6rpN:%\0,Ziv7Jn\\ײaBO޾[:\0_U[Ql;Dz1SZa,=\ZM_oe5ضraUFI5mGK:[bʹLM->{YhvQqj\Z\Z%H^Ѷ:βF??~+?\0rcUimjtC\'8V˺&Bj:R[,C^Cp>yr@h\0Sf,jY}&16Me1(bEsm\nOgn:4IO`tE.#˂;h:vL5=&K/o5A.Oi2iN/\' ND\Z֜zq܊5B!T v)Ŕ/\0Ca(m[FAyjVlDYj\n)sM m`` /jjCZH)nS\0Rn3qnH!Ѩ==*F=!lxޝngnV`r*JT\'3T&솶IԽ^?L) RT\ZET;vT*;Ukī\r;vC\n,OcՔ0&6S(х!Oɪwfy&nԣlmXIGӖav&n]}?ZG7p^V}Hp\nðV-\"MO\nVTv6.juNfˈ\'aVxQO蚐X=?#?ڦ$*Gf(.lH?4UV1\'6Wl/@1(h$h˾jbA3WTil\n`*x$\Zj$41Gc:sq\'\0\0ǽRV+\00C\\.0\rfjn+e=q1 n&kꪻ@E\0Bz7n-ېF8X!s Vj]%={lss@QjBZLmZu$r\ZN0IT\nnۼxe;SP_mҤpvU=Bn24)z2̆2GZJO]ؽvPm%&OzN/Y;$zYh*\0;9!q٠eZ3#[/e-I;=_W:7Mt\0\n\0iw&<7Yf֛Y~9bdI٣ƯMt;i/\000E*\0zkm+E\0yPkbǌ\0X]B57VޗjTi[ooߕ8?gh[nKvҌ\"jWS2;}Wrp%sU}jGWwiͳ\0^f8nύ6lq\"fciIc\"=k4kxhzu:vOڴN<3<1;OЍxw.6Rd|[v \rx?Jx\ZlIN.	иw7}2$P[|:Rc\0Ukf?Phi\0R&@ޒ8j\\ E9u{ydGz±U$Ⲯ^tɆVMD١U)&v\0,[[lQuqYغ_)wքn).rY	zyk\'1ddF@i%TCCBum#ȫl[:P&zD߱Ih^CWp#)쓁VR&',11,'2016-11-13 07:20:15','2016-11-29 07:02:24','uchup','TIDAK'),(5,'Mujair Woku',98000,NULL,13,'2016-11-13 07:20:15','2017-04-21 03:55:19','uchup','TIDAK'),(6,'Mujair Kuah Asam',98000,NULL,13,'2016-11-13 07:20:15','2016-11-13 07:49:15','admin','TIDAK'),(7,'Mujair Kuah Kuning',98000,NULL,13,'2016-11-13 07:20:15','2016-11-13 08:21:36','admin','TIDAK'),(9,'Belut Steak',135000,NULL,13,'2016-11-13 07:20:15','0000-00-00 00:00:00',NULL,'TIDAK'),(10,'Gabus Fillet',125000,NULL,13,'2016-11-13 07:20:15','2016-11-13 07:51:54','admin','TIDAK'),(11,'Ayam Rica',40000,NULL,13,'2016-11-13 07:20:15','2016-11-13 07:52:32','admin','TIDAK'),(12,'Ayam Woku',40000,NULL,13,'2016-11-13 07:20:15','2016-11-13 09:43:25','admin','TIDAK'),(13,'Ayam Tuturuga',45000,NULL,13,'2016-11-13 07:20:15','2016-11-13 07:54:07','admin','TIDAK'),(14,'Ayam Goreng Mentega',40000,NULL,13,'2016-11-13 07:20:15','2016-11-13 09:52:03','admin','TIDAK'),(16,'Ayam Sereh',45000,NULL,13,'2016-11-13 07:20:15','2016-11-13 08:03:18','admin','TIDAK'),(27,'Nasi Goreng Cakalang',38000,NULL,13,'2016-11-13 07:20:15','0000-00-00 00:00:00',NULL,'TIDAK'),(28,'Nasi Goreng Ayam',38000,NULL,13,'2016-11-13 07:20:15','0000-00-00 00:00:00',NULL,'TIDAK'),(29,'Nasi Goreng Ikan Asin',38000,NULL,13,'2016-11-13 07:20:15','2016-11-13 08:14:40','admin','TIDAK'),(30,'Nasi Goreng Cristho',44000,NULL,13,'2016-11-13 07:20:15','2016-11-13 08:22:17','admin','TIDAK'),(31,'Mie Goreng',40000,NULL,13,'2016-11-13 07:20:15','2016-11-13 08:25:37','admin','TIDAK'),(32,'Nasi Goreng Roa',40000,NULL,13,'2016-11-13 07:20:15','2016-11-13 09:06:56','admin','TIDAK'),(33,'Nasi Putih',10000,NULL,13,'2016-11-13 07:20:15','0000-00-00 00:00:00',NULL,'TIDAK'),(34,'Kangkung Cah',22000,NULL,13,'2016-11-13 07:20:15','2016-11-13 08:34:03','admin','TIDAK'),(35,'Kangkung B.P',28000,NULL,13,'2016-11-13 07:20:15','2016-11-26 04:56:37','uchup','TIDAK'),(36,'Bunga Pepaya',35000,NULL,13,'2016-11-13 07:20:15','2016-11-13 08:35:19','admin','TIDAK'),(37,'Fu Yung Hay',45000,NULL,13,'2016-11-13 07:20:15','0000-00-00 00:00:00',NULL,'TIDAK'),(38,'Capcay Goreng',45000,NULL,13,'2016-11-13 07:20:15','2016-11-13 08:42:37','admin','TIDAK'),(39,'Capcay Kuah',45000,NULL,13,'2016-11-13 07:20:15','2016-11-13 09:06:33','admin','TIDAK'),(40,'Papeda Kuah Kuning',105000,NULL,13,'2016-11-13 07:20:15','2016-11-13 09:15:23','admin','TIDAK'),(41,'Papeda Kuah Asam',105000,NULL,13,'2016-11-13 07:20:15','2016-11-13 09:15:49','admin','TIDAK'),(42,'Papeda Untuk 1 Orang',11000,NULL,13,'2016-11-13 07:20:15','2016-11-13 09:16:24','admin','TIDAK'),(43,'Papeda Untuk 2 Orang',22000,NULL,13,'2016-11-13 07:20:15','2016-11-13 09:16:41','admin','TIDAK'),(44,'Bubur Manado',25000,NULL,13,'2016-11-13 07:20:15','2016-11-13 09:10:38','admin','TIDAK'),(45,'Pisang Goreng Sambal',25000,NULL,3,'2016-11-13 07:20:15','2016-11-13 09:11:34','admin','TIDAK'),(46,'Pisang Goreng Coklat Keju',35000,NULL,3,'2016-11-13 07:20:15','2016-11-13 09:13:24','admin','TIDAK'),(47,'Nasi Kuning (Pesanan Khusus)',40000,NULL,3,'2016-11-13 07:20:15','0000-00-00 00:00:00',NULL,'TIDAK'),(48,'Mujair XL 400 gr',110000,NULL,13,'2016-11-13 07:20:15','2017-02-02 03:40:10','uchup','TIDAK'),(49,'Mujair XL 500 gr',110000,NULL,13,'2016-11-13 07:20:15','0000-00-00 00:00:00',NULL,'TIDAK'),(50,'Mujair XL 600 gr',120000,NULL,13,'2016-11-13 07:20:15','0000-00-00 00:00:00',NULL,'TIDAK'),(51,'Mujair XL 700 gr',130000,NULL,13,'2016-11-13 07:20:15','0000-00-00 00:00:00',NULL,'TIDAK'),(52,'Mujair XL 800 gr',140000,NULL,13,'2016-11-13 07:20:15','0000-00-00 00:00:00',NULL,'TIDAK'),(53,'Mujair XL 900 gr',150000,NULL,13,'2016-11-13 07:20:15','0000-00-00 00:00:00',NULL,'TIDAK'),(54,'Mujair XL 1 kg',160000,NULL,13,'2016-11-13 07:20:15','0000-00-00 00:00:00',NULL,'TIDAK'),(55,'Mujair XL 1.1 kg',170000,NULL,13,'2016-11-13 07:20:15','0000-00-00 00:00:00',NULL,'TIDAK'),(56,'Mujair XL 1.2 kg',180000,NULL,13,'2016-11-13 07:20:15','0000-00-00 00:00:00',NULL,'TIDAK'),(57,'Mujair XL 1.3 kg',190000,NULL,13,'2016-11-13 07:20:15','0000-00-00 00:00:00',NULL,'TIDAK'),(58,'Mujair XL 1.4 kg',200000,NULL,13,'2016-11-13 07:20:15','0000-00-00 00:00:00',NULL,'TIDAK'),(59,'Mujair XL 1.5 kg',210000,NULL,13,'2016-11-13 07:20:15','0000-00-00 00:00:00',NULL,'TIDAK'),(60,'Gabus XL 500 gr',100000,NULL,13,'2016-11-13 07:20:15','2016-11-13 09:30:14','admin','TIDAK'),(61,'Gabus XL 700 gr',120000,NULL,13,'2016-11-13 07:20:15','2016-11-13 09:30:31','admin','TIDAK'),(62,'Gabus XL 1 kg',140000,NULL,13,'2016-11-13 07:20:15','2016-11-13 09:31:00','admin','TIDAK'),(63,'Gabus XL 1.2 kg',160000,NULL,13,'2016-11-13 07:20:15','2016-11-13 09:31:23','admin','TIDAK'),(64,'Gabus XL 1.5 kg',180000,NULL,13,'2016-11-13 07:20:15','2016-11-13 09:31:39','admin','TIDAK'),(65,'Gabus XL 1.8 kg',200000,NULL,13,'2016-11-13 07:20:15','2016-11-13 09:31:54','admin','TIDAK'),(66,'Gabus XL 2 kg',220000,NULL,13,'2016-11-13 07:20:15','2016-11-13 09:32:08','admin','TIDAK'),(69,'Jeruk Murni',28000,NULL,15,'2016-11-13 07:20:15','2016-11-13 09:25:46','admin','TIDAK'),(70,'Lemon Tea',18000,NULL,15,'2016-11-13 07:20:15','2016-11-13 09:33:11','admin','TIDAK'),(71,'Teh Manis Panas',10000,NULL,15,'2016-11-13 07:20:15','2016-11-29 07:07:30','uchup','TIDAK'),(72,'Teh Tawar',5000,NULL,15,'2016-11-13 07:20:15','0000-00-00 00:00:00',NULL,'TIDAK'),(73,'Teh Leci',22000,NULL,15,'2016-11-13 07:20:15','0000-00-00 00:00:00',NULL,'TIDAK'),(74,'Teh Susu',18000,NULL,15,'2016-11-13 07:20:15','0000-00-00 00:00:00',NULL,'TIDAK'),(75,'Kopi Susu',20000,NULL,11,'2016-11-13 07:20:15','0000-00-00 00:00:00',NULL,'TIDAK'),(76,'Kopi Hitam',15000,NULL,11,'2016-11-13 07:20:15','0000-00-00 00:00:00',NULL,'TIDAK'),(77,'Es Capucino',22000,NULL,11,'2016-11-13 07:20:15','2016-11-30 09:23:13','uchup','TIDAK'),(78,'Extra Jos Susu',22000,NULL,15,'2016-11-13 07:20:15','0000-00-00 00:00:00',NULL,'TIDAK'),(79,'Kelapa Muda Murni',15000,NULL,15,'2016-11-13 07:20:15','0000-00-00 00:00:00',NULL,'TIDAK'),(80,'Kelapa Muda Sirup Susu',25000,NULL,15,'2016-11-13 07:20:15','0000-00-00 00:00:00',NULL,'TIDAK'),(81,'Es Kacang Merah',28000,NULL,15,'2016-11-13 07:20:15','2016-11-13 10:02:09','admin','TIDAK'),(82,'Juice Alpukat',25000,NULL,14,'2016-11-13 07:20:15','2016-11-13 10:04:02','admin','TIDAK'),(83,'Juice Sirsak',25000,NULL,14,'2016-11-13 07:20:15','2016-11-13 10:05:16','admin','TIDAK'),(84,'Juice Jeruk',25000,NULL,14,'2016-11-13 07:20:15','0000-00-00 00:00:00',NULL,'TIDAK'),(85,'Juice Melon',25000,NULL,14,'2016-11-13 07:20:15','0000-00-00 00:00:00',NULL,'TIDAK'),(86,'Juice Semangka',25000,NULL,14,'2016-11-13 07:20:15','0000-00-00 00:00:00',NULL,'TIDAK'),(87,'Juice Tomat',25000,NULL,14,'2016-11-13 07:20:15','0000-00-00 00:00:00',NULL,'TIDAK'),(88,'Juice Wortel',25000,NULL,14,'2016-11-13 07:20:15','0000-00-00 00:00:00',NULL,'TIDAK'),(89,'Juice Ketimun',20000,NULL,14,'2016-11-13 07:20:15','0000-00-00 00:00:00',NULL,'TIDAK'),(90,'Juice Durian',35000,NULL,14,'2016-11-13 07:20:15','0000-00-00 00:00:00',NULL,'TIDAK'),(91,'Qualala',10000,NULL,17,'2016-11-13 07:20:15','2016-11-15 05:52:58','admin','TIDAK'),(92,'Frees Tea',10000,NULL,1,'2016-11-13 07:20:15','0000-00-00 00:00:00',NULL,'TIDAK'),(93,'Nuu Greand Tea 330 ml',6000,NULL,1,'2016-11-13 07:20:15','0000-00-00 00:00:00',NULL,'TIDAK'),(94,'Nuu Greand Tea 450 ml',10000,NULL,1,'2016-11-13 07:20:15','2017-03-11 11:04:02','uchup','TIDAK'),(95,'Nuu Greand Tea Madu',10000,NULL,1,'2016-11-13 07:20:15','2017-03-11 11:04:17','uchup','TIDAK'),(96,'Nuu Greand Tea Gula Batu',10000,NULL,1,'2016-11-13 07:20:15','2017-03-11 11:04:44','uchup','TIDAK'),(97,'Teh Tarik 330 ml',10000,NULL,1,'2016-11-13 07:20:15','2017-03-11 11:05:21','uchup','TIDAK'),(98,'Pulpy',10000,NULL,1,'2016-11-13 07:20:15','0000-00-00 00:00:00',NULL,'TIDAK'),(99,'Fanta',10000,NULL,1,'2016-11-13 07:20:15','0000-00-00 00:00:00',NULL,'TIDAK'),(100,'Coca Cola',10000,NULL,1,'2016-11-13 07:20:15','0000-00-00 00:00:00',NULL,'TIDAK'),(101,'Sprite',10000,NULL,1,'2016-11-13 07:20:15','0000-00-00 00:00:00',NULL,'TIDAK'),(102,'Ultra Milk',10000,NULL,1,'2016-11-13 07:20:15','2017-03-11 11:04:33','uchup','TIDAK'),(103,'Teh Kotak',10000,NULL,1,'2016-11-13 07:20:15','2017-03-11 11:05:04','uchup','TIDAK'),(104,'Teh Botol',10000,NULL,1,'2016-11-13 07:20:15','0000-00-00 00:00:00',NULL,'TIDAK'),(105,'Puding Coklat Kecil',20000,NULL,3,'2016-11-13 07:20:15','0000-00-00 00:00:00',NULL,'TIDAK'),(106,'Puding Coklat Besar',100000,NULL,3,'2016-11-13 07:20:15','0000-00-00 00:00:00',NULL,'TIDAK'),(107,'Puding Buah Kecil',30000,NULL,3,'2016-11-13 07:20:15','0000-00-00 00:00:00',NULL,'TIDAK'),(108,'Puding Buah Besar',150000,NULL,3,'2016-11-13 07:20:15','0000-00-00 00:00:00',NULL,'TIDAK'),(109,'Buah Potong',50000,NULL,3,'2016-11-13 07:20:15','0000-00-00 00:00:00',NULL,'TIDAK'),(110,'Kacang Goreng',5000,NULL,16,'2016-11-13 07:20:15','2016-11-13 07:44:34','admin','TIDAK'),(111,'Emping ',10000,NULL,16,'2016-11-13 07:20:15','2016-11-13 07:44:44','admin','TIDAK'),(112,'Keripik Peyek',10000,NULL,16,'2016-11-13 07:20:15','2016-12-07 10:27:27','uchup','TIDAK'),(113,'Keripik Pisang',12000,NULL,16,'2016-11-13 07:20:15','2017-02-14 11:44:13','uchup','TIDAK'),(114,'Keripik Udang',10000,NULL,16,'2016-11-13 07:20:15','2016-11-13 07:45:27','admin','TIDAK'),(115,'Kentang Goreng',22000,NULL,3,'2016-11-24 03:10:52','0000-00-00 00:00:00','uchup','YA'),(116,'Aqua',10000,NULL,15,'2016-11-26 06:07:32','0000-00-00 00:00:00','admin','YA'),(117,'Rokok Surya K',20000,NULL,16,'2016-11-26 06:48:37','0000-00-00 00:00:00','uchup','YA'),(119,'Jeruk Nipis Hangat',18000,NULL,11,'2016-11-27 07:44:55','0000-00-00 00:00:00','uchup','YA'),(120,'Es Jeruk Manis',18000,NULL,15,'2016-11-29 07:05:47','2016-11-29 09:27:48','uchup','TIDAK'),(121,'Jeruk Manis Hangat',18000,NULL,4,'2016-11-29 07:06:14','0000-00-00 00:00:00','uchup','TIDAK'),(122,'Es Teh Manis',10000,NULL,15,'2016-11-29 07:07:46','2016-11-29 07:08:07','uchup','TIDAK'),(123,'Teh Manis Hangat',10000,NULL,4,'2016-11-29 07:07:55','2016-11-29 07:08:29','uchup','TIDAK'),(125,'Capucino Panas',22000,NULL,11,'2016-11-29 07:19:14','0000-00-00 00:00:00','uchup','TIDAK'),(126,'Es Jeruk Nipis',18000,NULL,15,'2016-11-29 09:32:22','2016-11-29 09:34:41','uchup','TIDAK'),(127,'Sambal Roa',80000,NULL,2,'2016-11-30 04:12:57','0000-00-00 00:00:00','uchup','YA'),(128,'Mujair Goreng Sedang',83000,NULL,13,'2016-11-30 04:20:07','0000-00-00 00:00:00','uchup','TIDAK'),(129,'Kentang Goreng',22000,NULL,3,'2016-11-30 04:38:23','0000-00-00 00:00:00','uchup','TIDAK'),(130,'Rokok GG Mild ',20000,NULL,16,'2016-12-01 01:23:44','0000-00-00 00:00:00','uchup','YA'),(131,'Es Lemon Tea',18000,NULL,15,'2016-12-01 10:08:52','0000-00-00 00:00:00','uchup','TIDAK'),(132,'Surya PRO',20000,NULL,16,'2016-12-02 07:29:01','0000-00-00 00:00:00','uchup','YA'),(133,'Rokok Surya 16',25000,NULL,16,'2016-12-02 07:29:23','0000-00-00 00:00:00','uchup','YA'),(134,'Rokok Ssingnature',20000,NULL,16,'2016-12-02 07:31:22','0000-00-00 00:00:00','uchup','YA'),(136,'Jeruk Nipis Hangat',18000,NULL,4,'2016-12-07 10:26:08','0000-00-00 00:00:00','uchup','TIDAK'),(137,'Jeruk Nipis Panas',18000,NULL,11,'2016-12-07 10:26:29','0000-00-00 00:00:00','uchup','TIDAK'),(140,'Coca-Cola',10000,NULL,15,'2016-12-10 08:18:59','0000-00-00 00:00:00','uchup','TIDAK'),(141,'Midal',30000,NULL,13,'2017-01-06 05:43:23','0000-00-00 00:00:00','uchup','TIDAK'),(142,'ayam tepung',40000,NULL,13,'2017-01-08 05:41:33','0000-00-00 00:00:00','uchup','TIDAK'),(143,'Es Buah',25000,NULL,15,'2017-01-15 10:44:11','0000-00-00 00:00:00','uchup','TIDAK'),(145,'Aqua Gelas',96000,NULL,17,'2017-01-15 10:48:57','0000-00-00 00:00:00','uchup','TIDAK'),(146,'Nasi Kotak',25000,NULL,13,'2017-01-17 01:48:50','0000-00-00 00:00:00','uchup','TIDAK'),(147,'Telur Mata Sapi',5000,NULL,12,'2017-01-17 08:38:42','0000-00-00 00:00:00','uchup','TIDAK'),(148,'Emping',10000,NULL,3,'2017-01-24 09:43:51','0000-00-00 00:00:00','uchup','YA'),(149,'Ayam goreng polos',40000,NULL,13,'2017-01-29 03:15:57','2017-01-29 03:26:04','uchup','TIDAK'),(150,'Ikan Asin',5000,NULL,3,'2017-02-03 05:00:50','0000-00-00 00:00:00','uchup','TIDAK'),(151,'Es kacang Tana',20000,NULL,3,'2017-02-07 04:05:21','2017-02-07 04:05:53','uchup','TIDAK'),(153,'Mujair Pepes',98000,NULL,13,'2017-02-14 07:28:15','0000-00-00 00:00:00','uchup','YA'),(155,'Supasparagus',35000,NULL,12,'2017-02-18 09:28:49','0000-00-00 00:00:00','uchup','TIDAK'),(156,'Kakap Asam manis',450000,NULL,12,'2017-02-18 09:32:34','0000-00-00 00:00:00','uchup','TIDAK'),(159,'Keripik Ikan',13000,NULL,16,'2017-02-21 02:28:59','0000-00-00 00:00:00','uchup','TIDAK'),(160,'ES KACANG TANAH',28000,NULL,17,'2017-02-21 09:54:41','0000-00-00 00:00:00','uchup','TIDAK'),(161,'Juice Terong Belanda',25000,NULL,14,'2017-03-04 07:12:25','0000-00-00 00:00:00','uchup','TIDAK'),(162,'Mujair Woku XL 700',140000,NULL,12,'2017-03-09 04:00:55','0000-00-00 00:00:00','uchup','TIDAK'),(163,'Lemon Tea Hangat',18000,NULL,4,'2017-03-10 04:11:20','0000-00-00 00:00:00','uchup','TIDAK'),(165,'Lalapan Lele',50000,NULL,12,'2017-03-11 03:06:43','2017-03-11 03:31:56','uchup','TIDAK'),(166,'Susu Putih',20000,NULL,11,'2017-03-15 08:57:56','2017-03-15 08:58:27','uchup','TIDAK'),(167,'Es susu putih',20000,NULL,15,'2017-03-17 03:09:08','0000-00-00 00:00:00','uchup','TIDAK'),(168,'Susu putih panas',20000,NULL,11,'2017-03-17 03:09:50','0000-00-00 00:00:00','uchup','TIDAK'),(170,'Mie kua',40000,NULL,13,'2017-03-18 08:46:55','0000-00-00 00:00:00','uchup','TIDAK'),(171,'kotak bubur',5000,NULL,13,'2017-03-24 09:36:03','0000-00-00 00:00:00','uchup','TIDAK'),(172,'Mujair Pepes',100000,NULL,12,'2017-03-28 10:13:24','0000-00-00 00:00:00','uchup','TIDAK'),(173,'keladi petatas',50000,NULL,12,'2017-03-30 12:24:25','0000-00-00 00:00:00','uchup','TIDAK'),(174,'Juice Miks',30000,NULL,17,'2017-03-31 10:15:48','0000-00-00 00:00:00','uchup','TIDAK'),(175,'Sambal Terasi',50000,NULL,12,'2017-04-11 10:03:24','0000-00-00 00:00:00','uchup','TIDAK'),(176,'NUu Oceana',10000,NULL,17,'2017-04-21 01:25:02','0000-00-00 00:00:00','uchup','TIDAK'),(177,'Papeda kua Bening',105000,NULL,13,'2017-04-22 03:05:54','0000-00-00 00:00:00','uchup','TIDAK'),(178,'Telur Dadar',10000,NULL,12,'2017-04-22 08:35:09','0000-00-00 00:00:00','uchup','TIDAK'),(179,'Es Teh Tawar',5000,NULL,15,'2017-05-06 05:18:54','0000-00-00 00:00:00','uchup','TIDAK'),(180,'Es Teh susu',15000,NULL,15,'2017-05-07 07:37:18','0000-00-00 00:00:00','uchup','TIDAK'),(181,'Keripik Tempe',10000,NULL,16,'2017-05-09 06:11:37','0000-00-00 00:00:00','uchup','TIDAK'),(182,'Nutriboost',10000,NULL,17,'2017-05-10 02:15:08','0000-00-00 00:00:00','uchup','TIDAK'),(183,'Kelapa mix',20000,NULL,17,'2017-05-14 02:41:54','0000-00-00 00:00:00','uchup','TIDAK'),(184,'Es Teh Tawar',5000,NULL,15,'2017-05-18 01:43:48','0000-00-00 00:00:00','uchup','TIDAK'),(185,'Teh Tawar panas',5000,NULL,17,'2017-05-18 01:44:35','0000-00-00 00:00:00','uchup','TIDAK'),(186,'Udang Goreng tepung',75000,NULL,12,'2017-05-18 03:02:29','2017-09-30 10:33:08','uchup','TIDAK'),(187,'Tempe Goreng',25000,NULL,12,'2017-05-18 03:03:04','0000-00-00 00:00:00','uchup','TIDAK'),(188,'Tahu goreng',25000,NULL,12,'2017-05-18 03:03:22','0000-00-00 00:00:00','uchup','TIDAK'),(189,'Milk tae',10000,NULL,15,'2017-05-18 03:26:27','0000-00-00 00:00:00','uchup','TIDAK'),(190,'Es Teh Leci',22000,NULL,14,'2017-06-01 08:05:30','0000-00-00 00:00:00','uchup','TIDAK'),(191,'Sambal Roa',5000,NULL,3,'2017-06-04 08:05:57','0000-00-00 00:00:00','uchup','TIDAK'),(192,'Mujair kua Bening',98000,NULL,12,'2017-06-07 08:12:18','0000-00-00 00:00:00','uchup','TIDAK'),(193,'Batatas',50000,NULL,2,'2017-06-07 08:16:11','0000-00-00 00:00:00','uchup','TIDAK'),(194,'Nasi Merah',15000,NULL,12,'2017-06-09 09:26:38','0000-00-00 00:00:00','uchup','TIDAK'),(195,'Kerupuk',10000,NULL,3,'2017-07-11 01:39:58','0000-00-00 00:00:00','uchup','TIDAK'),(196,'aQua Dingin',10000,NULL,15,'2017-07-11 04:13:44','0000-00-00 00:00:00','uchup','TIDAK'),(197,'Puding Coklat',80000,NULL,2,'2017-07-16 08:59:15','0000-00-00 00:00:00','uchup','TIDAK'),(198,'Aqua 330 ml',8000,NULL,17,'2017-07-16 09:14:46','0000-00-00 00:00:00','uchup','TIDAK'),(199,'Es Buah',15000,NULL,2,'2017-07-16 09:19:08','0000-00-00 00:00:00','uchup','TIDAK'),(200,'Nestle Campuran',10000,NULL,15,'2017-07-22 04:58:40','0000-00-00 00:00:00','uchup','YA'),(201,'Mujair kua bening',98000,NULL,13,'2017-08-03 09:20:49','0000-00-00 00:00:00','uchup','TIDAK'),(202,'susu coklat panas',20000,NULL,17,'2017-08-03 09:22:35','0000-00-00 00:00:00','uchup','TIDAK'),(203,'Juice Mix',30000,NULL,15,'2017-08-11 07:53:18','0000-00-00 00:00:00','uchup','TIDAK'),(204,'Pulsa 50',55000,NULL,16,'2017-09-07 00:44:38','0000-00-00 00:00:00','uchup','TIDAK'),(205,'Rokok kecil',20000,NULL,16,'2017-09-08 02:53:21','0000-00-00 00:00:00','uchup','TIDAK'),(206,'pulsa 10',15000,NULL,16,'2017-09-10 04:19:00','0000-00-00 00:00:00','uchup','TIDAK'),(207,'R Sampoerna',25000,NULL,16,'2017-09-13 04:12:14','0000-00-00 00:00:00','uchup','TIDAK'),(208,'p data 20',25000,NULL,16,'2017-09-13 07:57:53','0000-00-00 00:00:00','uchup','TIDAK'),(210,'R Evolucion',25000,NULL,16,'2017-09-14 04:14:42','0000-00-00 00:00:00','uchup','TIDAK'),(211,'korek gas',5000,NULL,16,'2017-09-14 07:23:13','0000-00-00 00:00:00','uchup','TIDAK'),(212,'R Uu Mild',20000,NULL,16,'2017-09-14 08:38:45','0000-00-00 00:00:00','uchup','TIDAK'),(213,'R DUNHILL',25000,NULL,16,'2017-09-16 02:26:24','0000-00-00 00:00:00','uchup','TIDAK'),(215,'Rokok Mallboro',30000,NULL,16,'2017-09-19 01:45:24','0000-00-00 00:00:00','uchup','TIDAK'),(216,'Sampoerna mini',20000,NULL,16,'2017-09-22 03:19:23','0000-00-00 00:00:00','uchup','TIDAK'),(217,'Pulsa 20',25000,NULL,16,'2017-09-26 04:20:15','0000-00-00 00:00:00','uchup','TIDAK'),(218,'Es susu cokelat',20000,NULL,15,'2017-09-27 06:56:01','0000-00-00 00:00:00','uchup','TIDAK'),(219,'Udang goreng tepung',45000,NULL,3,'2017-10-01 04:54:08','0000-00-00 00:00:00','uchup','TIDAK'),(220,'Sawi Cah',35000,NULL,12,'2017-10-01 05:35:24','0000-00-00 00:00:00','uchup','TIDAK'),(221,'Toge Cah',35000,NULL,12,'2017-10-01 05:35:51','0000-00-00 00:00:00','uchup','TIDAK'),(224,'TEMPURUNG BAKAR',5500,'\0JFIF\0\0\0\0\0\0\0tExif\0\0II*\0\0\0\0\01\0\0\0\02\0\0\0;\0\0\0\09\0\0\0i\0\0\0\0B\0\0\0\0\0\0\0Google\0unknown\0\0\0\0\0\0\0\00220\0\0\0\0\0\0\0\0\0\0M\0\0\0\0\0\0\0\0\n\n\n\n\n\n\r\n\r\n\n\n\n\n\n\r\r\n\r\n\n\n\r\r\r\r\r\r\r\r\r\r\r\r\r\r\r\r\r\r\r\r\r\r\r\r\r\r\r\r\r\0M\"\0\0\0\0\0\0\0\0\0\0\0\0\0\0\0\0	\0\\\0\0\"!#2B13CRAQSabcr$qs4D%T	dt5E\0\0\0\0\0\0\0\0\0\0\0\0\0\0=\0\0\0\0\0\0\"!12AQBaqR#Cbr3$S\0\0\0?\0+ª/\\*jUe\r \\L-5#ٵ:?fNM9WqELYm*mGf^U6V<^Ů~>Q%tvJ2CS,\nf,Z\\~˞ys̕5白=:SaQM҈B]UUvh?z-Y?MMEcfR¤˦uu`wa\'*Rz*UY3BM~xuY\nMyeM)^8YM\ZYjF\"P֌iSUVzwGy[gp~zgY柵|jGgb%LC5tb3NvIG;}dЭ{֤Ҙu}I:{JX8fF!Wi9lcGᘅp!4nlmNѲfg-MKk`m!ku8>x;\ZW#`#?\'WE#YNL+&M?ʷ]A5sɩ_VeAAqm^&V*5f\r{u)UfK9STleAU&SzEf_o,gШ.VW]cXE˻&I)Lr%$:\'pmJ,g7r5WDYN5\n괶花Q6Fdh%C(gv#eXyTyġ/%fVze*6C+_{2:&΍U]BLѩsܮ\"4fS%`vwщvbƕ✸d:W	|#Isfr>5\'vOI{YQQR{tWIO9UCf)V&vd^wRx=OHÈ5$\"\0ɍh,rLaTp/$b.\r+r-T?MOň	mUf>:%>\"c99~_VqT5-\\7-qR4UD#Ws[b<Or~U\'1C6`Yp8x\0\07\r\00,|8/\0`c\0\0\0`cAڬk<\0\'V$00n 0n\n\0\'8W\n0N8\'``\0sf:8\00V\r{PN9X\0``#:zE(ڥ}},5tJ	#ڔH\'V:H~i܍mxP+F)TETO/\Zr)_\02Ik)\"MIe\Z(2ZoVn֢]ʷviYфH)ZhۘF[G?ne׼cw\ZLS!uu*J\0.h\\9.Xó\0sm%.*)IwS\ZT5ŒHW9\0m\0R评\\AQQKJ 9|PT@a\\7f5i\rq\\tW|]KeGlq=gvH_o?.)&L!T7/]A0*;?B7U\"+fcZ\0C|Iѽ,[>!TFi>M\'o@7Ծ8UGSN:{#3\0Q\no-@3ksS5BQTF)̩J˓g:?bzt)\"~WSTU\04lo-UyH*3VQITS=QeKAi:~}Gss\\r4M	2\ZwT\\2qUL[yUeD̞QmfT$zog4P|:Vpe_\0ۊ޴~8rJ*ܛ*1	oy*4(NIfF>҂x0F}e<M` g\0gvl!fX$aH{SHˤ&Dujs3^fهh\0S@M`viު}4mP 8,nCcçF?zp04\rYGVk/p0Dn\']&~xĉj}{*`\0``\0p00\0F#W>eH\0Œd7vYNTeՔw#hF!QN&ўC,F#,i]BV@;kE}:Ș:frZ@v.߫TOτto```q\r\0``\0f\0\0\0\rX7\0Yp0\00001@<Ǹ\0`cqn\n\0bXX`\0<{#`rx\nEL\'HC9&F7\r=:olǉJ׊ṰIWl/Q3OfՋ!9^Z5}eg՞U2m2_O?>Ɋ=!5(ΊXŧI.3:ʖOw9v߶Wt*~\\(^;ʋ4R$V2ʲҐWE@03f2G1\\TS+֚5唾]4i\n/VgQ٬`:DS*j3Wb	9:B2ȝg\ZYQ_CVO\\0?\\ީKbE>Qfy$ϱ0\n)_*Ͳ&O:cj[[2\rULvR%\"=NS4O	\0UX.`Ԃ.cBr&	bxq|)f\nR3r7Պ((3ę$jkjFl@~P=ܟokUD4أ[hF򦪙sEw Xe\ZT[GO..̘c%UUIzO[~mPPM&ю j)\00`{0MAmfTpw]dWq+%U\reVRtꎌBVAn=ZWnQD\\*FRS02KTJ)/j\Z#1GL~C\nl~{Ic>Bq\0,$3q(=ؑ{\0w[E|c|\nwp_pV\0\rx@c\0kͱV ,en\rJNnw~]d>\\O:yZi]!Ǌ)?\0WF.<jk(i:}Wu<e_OFF#Ù8Th0MWFUBnsCϪF9kfֺ˷eNdr3S\\&tYҥS=zG7LGni:4鮩(v廖xnYvǸ3	xH```\Z\0\0n(\0\0Ǜ\0{\0n\nc8<{px1.(Toǆxs\03f\0=(+fEl/X\0ҏ\0IL̩ȕ)яXS~l\0\rWYMdfE>Uj]ffoT|XC1&;B_vw^9	*a;aJ#\r!K\0案P\0,u@eZ_Y%NE9l9bgV;5)5g˳,C5b^/75wag\\КvokطVIE	KEqZ?>)\'=j`+ղ*Xy\'`(.t)-o/܈nl(š98r^F21\0HVM,\0~fߡq^Z\";YU\ZW)yb|82|]IP=;92-?l[f4}ҧ§JdCcW~_P=5/IFz:RDLJKPv7)Ҋ̊ij?2ＤNˏ2(4Fcc6NJⱢD>	3^eEmh*\":Y(3z~ݺ%b1nI4\nܦ\Zr@j/A]ژ3Yk!E4([oK9iYm@}:\"A*\0b_IJ6Q5$H E1qW򡜟LԪZ.k4T~ٯ\r_\riKg}1tYםٯOS\0;/՞9wF[$iUSU9t8I	c7-NGw,_vʏgR\'*xIJynSY5vhU뾬Yk3\0ay/}U-Ghۧ?RW5m9Jop_^Mjӹ+ʉ3u~ru<\"?[6\0sWeE${Bt*,\'\0eB\03Q?\rކm+:yXY,Ɠq,v`wh0n\n\0\0\0\0\0`\0~\0\r~&\0q0`A_yY3`lb6vRmm0~=\\@U A%lዔ-)z@wn\'Tb)#p<*<D*UUM#W슆5=jgHk-hfT7S>s?4wE7\0&`irX}epL\'E|\Z3svN\'\\	+10-.nUţfڻ\0Bb {4䠤OyRGEZk]X]م_wfk-:d2EwpY[t\0I,^*F^WaH==n\\:t*Tii&CJ\0.:)wL>Ha[<1LRTP?ôq[?q/\0) `N|F>w$N/fn	\\\n\rX7@0V\rǒHk@W+*$]/(1\Z\0?Usү.SUE-SIT:GcSg|;I;v`{ul*g\\ .+˭}=3G3os][R [8u-3l4\Zq:qrg|SS6oe2r:ȞaVdGQ1QYP<η)yv(1s7E;bYu*Q}\"[%SQl߳/]03LHWD\'>^T+\0R}{{KBi6fHffd+c:\"\Zbs&5cN~nJp^^$HsWWQ3Rf\'\0f{,+Fbswg_XG(Xʣ,wns:t@\0IWn,[/P3H9u9\0Ëãz\'H8>&*?`c<yp0n\0\n*\06\0\0;s\0```\0\0|\07w{!+$;\r\'ǻs00bNHYx\Zs P01\0\rAp0V\rŀ80KU:|X0\n.$`J7UgTeEmmcwbܨ^L,H)S`p	ѥQ@R嶒~-nH\nA-O)+%ʋlFӎ/UWBQ,HE:#_><qb8M|@A,B\0`|DE>1r)}5	<Зˬ͢D|ˡ@95\0-`ޙ\'h(4%0{U9j	y~	/7تIq7_m+MPz[*<+a̤)m)=]Stkf#RRUJVcR,/0Ue\"&{z!Qwu2Hf-PvWy&ݷ{H$LDT*]SS3P\nYAmg\'abON,*\0$A.`[diOVW׌f⊙$/;r=\0φzLL-#Rf-+~UO6\';Iдj+0}*eә)\nUEc*ug\"ϥbݍЇֺc3jDOo@\'3j}YIQFxFSQUG}@w𷇓QBB̪)bH؊[W-ɨvmxCMW\\gJ:6&wK~^Y;?\0ȳV\':{U\rUG6PhR+$᧑b\r:z|w{Ln\0D3ZhCA,	rci>I7)t[9RӧsF_Q\0*\0n\nF\0w0,x\0MwpV\0Ǹ*q\0047TU`70^4\0f\0sw@nc(p0009``ų[vraW\0=x`.uNW(|w\0n\n\0k)szfR׬Jb^lOncbUD4KRi*MzѦ>r4>\\`\Z̉Җ2FDR8鏪/t4BшfV	E<@^l>\0S1iԛi4@{t񂶍IEvNen<P7B {.?dsy\0v9WWT%F}1\r<t-jl}8C4YM߲c-à*EO:_D2\0W14&_׶5;0s`,jn[ޑwϤh ^G3qs /!/ui8R@T`wu,03؅.0f&nqӧr¸Y\'y5QRQvo,jj1XJxBdNY&٭PGS\Z]O\'E]PC2`T@pIuS;])L/]+	i<n	7m1`ѝgrǥlZ״e7\Z\r-_ɍkY{L(s1 C^xG\\NKOqCE\\\n1qpUJt2%~s⽕S	\"֍4]OqƦ\'gQ`ǵ>Dw01(x\0``_فș(#;/w\0߂pV=p\0/{/	퇂8]A=.f;`Y08\0s\0	8\Zc˰Ǹ/s%V\r{2R\nvQ{pz:<hiXn7m%\\SM,T|l#qMkκ!;H~C%:rDV]FoÅؐ-na&<ᖓp7*HHo  d#2cJةIx^#zIq߉x4k&2\")>,sAhAi9Kӫ!*JeJ51PY.k!FgQY-虃(e1y}.*Q-F m|Oٱa{Bόki3`۬1>4\rW2g?b+OB6٧EQb57jF\0)cM)G3Tu\"eݤT~qHg8.[Ge1hHKQXfI=(B\"NOqr30ɇ-&|:S\ZRTHc$?)|[ЌBb-&#Y\Ze7FaF{;ҽŲtY\\mUԜґ)JjFߤ˪nZ\\aJ)l,滖/?0O\0CAwh@\"13h*? A	MMgԎ+Q@< ۤ۩zoMTo[	1wz6fTV4a1aFϦ(P\'E@m)$c@_N݄Yg=(jML|3\0\\;9ui\0ݧtm\0mB\0f*Ϡr)\0`O5\'^+v˓SȚ*ڶUիvs\r)ҥ/!F:ztKוp11	z&53}R`cy/\0gP>	v,\n\"R(bp\\ef[;z?nE-ws⮽enҭMӚw){]ŗџ\nԕ5AVm#F\nPOm~utf-Ǌmnv`_qU@tYm!pΑ2L4$JG[>R1Yr)Sį|rvbӹB$KWeY/k^%)d$&n\r?jZ.]?tȊ[X N7{vf2_k	\riwIiV|\"Fd\0wŽ #<iX~X;+G9orh\0\ZZcLK>?4W vaEr__.fQ_V!iQir1a?J*uLJl&HG8ƟmR0:Lʱ9bA6SuK&t-:ц`LV~U:icۦiD=#Iy?yJ2\n/pkF9סv\Zr)hQ6EKh3\\IU11ƝT--ORbV1g*e]RlcdIΘ%ET2q#\\{f(``\0````\Zq74k$i	\'\0<Ǳ001*(\'3wc[2o\r3s<d00k6J9\r-6`4U\\IrQ^~uhE1fB1?;4;}ENUt,*\0Lϋ;nB\"{Һ}P\Z1zuK?ٯ|I>/9*\nWƺ<Pդh?׊ҳ\ZiL!jK;eK5kb|Gf_BqyV\rMJj!:LC;vF½;7郎2ب!t#^w`wx=%+&;c\\\Z{)6rZ6%\Z8O\Z;TZQ;b\";3u?+󲨬#5\r}J+}cB=!(!@.ڀ{O)jG/|ϩe7LgGI::U(=]iz\0\rqtq=cWOPh -rj\"ϰcQ2X>Dc,zIt쮩5_Tj>Y\Z+in}´V\Zo}NvJ*q^FbڜKbȥ)gj`ySNLɴlSk|NTlS7-E6Tמt*~kXZВcYb(0{(&Y^ޫINȧ3}xJUO=4rXA\Z&8)QRVl, j:GI-WξF+kqO3ޒsȨQ#)`.ez5ů\Z\"bմeQ\Z~l?K%GXIq;LRUʀFCECmƚʃ?mkZ<Aa[P+DP=&Tug7dwmP.ؓ\"cv%A(Mb+H<<eF1X3:~TYK_1OWfQ.pS;Wm5di0+=]+:2н*\ZO>1%$Xgw(Ć\Z!Z&&e??cm\\Km.wꁏ=\0H}P9M;\n%Գs+b\037ϹzʖzRX[ڳo\ny.&-j|~!Gx<ﰥ쩗JCWS*dju[H.jDA;̩G\0VTs!a-&6Eh9C6u0Q2G-B?R-\"gK2ڕ	?7.oPVw.ZK\":?&q	0K- p=aGVxT8.F׏=\'XYfF\\C:zj(jb]QEFl)dji.h8}\ZQ(01xƜtJ\nAA[k(n+73DRgiB9p}&$<Y@ʚ\0Ia>JW/24}ReS:aߏ	{*I:P \ZI \0=[y)gct.NSaE@=UԲ]2jiV^qϾ߂KTbk%;P	6xYmIfcz9TnDNxxb˺AB3\'6ێ>b200k\ZWXOǉ[&LK?$T$Dd>)т&@		_#06SقNGKv{\Zd9I-12J{VU[~ S}Ks(	\">Lֲ\n;\n\09e$ZԺ,?+dl]OPjQS!\0su\0tZ/z)ddt:N2./d.oٷAzXYJ\n~` ;cuJ˵	uBd1:v}t#L̾j+t\Zs*fM&%` |{n7,=(QNqeF[PQ\0!RPBzpe$LkUTuE[On̳\ZkVCX}^۵>9.=4*RMTh BW\n-HD/L}\"DH\'+huèiK]n+w ]qVcQu:/U,6K}wdx\\X5ƻ8f\08َ,\00/05*B5a.+:E~Z NՁx~VԈ)mcݍȤV9#x1TX}lj<^|3ҝZ}3KRɹ=USF+W\0+Ev=;;#\n%Fρ`,\Z0XQCs\Zq7M`1e\'-<XI)Q6F<Ⰳx]`L{+j۫[?D\ZG?ŃKP,!!0/	:º%MzNV.x.01OB#RJw{30<FJO:΢Ɨr0ǖV:5M Quh\0ׯF\"ngceR8h4LnG匥J]L:T8}@\\-A[4O^\")]=\"\09ϤgdW*if[]*ך-/[UYWmjQ\\秀(Z06\0ySԶTk#w~;͈P\rQ@7\"GJx]ܓ4Zf7]>,do˛Kz9߀䵰\ZMs3ؼmӒs1TplUCĿ8 }13ôي1-jٖSsOӺ&3K<ґ-AUR[K>Վƅ_2uKf&eRySwg\0#Y/9tU֫HW#{@=cuzbWAG\r/f,@PZ*dԴqsN@	*IP,l\0Ty7Zbkķ[kD:teE&QAEC\n\n&:7\"ة]f^lc~͸U8og/6,A*[yI.mb!byqG,4H><}g쳳[Ocǜl_%<lQ\\V/Ψj\"YKCu;ZTed}zq``ٺt?\rdVs଩iZE>˻ʿ1\0u\r&Dz$\']EZ͵E\\mK>mT7_vW[obnK|y\nIXi@&#T\0藥R=r_L<ݽMW*i#VYiDd g1[ANZoHb%ܙ<t҈U+lԡ\Zf*Ȓzv]g=:A9J\0䂖}{V܊1F:F\nR\nqjJ6T)aӻ-k9P\'.80:: A+]^uECD\\p]̽.pxi:\ZR+NX\ZVCJOt4z]N	`M@ޗ~QE)H}r#Tl\\C4\rUzKO*8Gt`ئΦ˪EnFS~s\0t%,ׇ\\pZb)ߤ<v@xlAP3K\"qEX,W\'\Z1	01?Q]^*\'r7sx߇.MK{*Vl}C\"Z	ƀb\\OX\0-(ԕ^\0Cw=TY}s\0~%8VLkl{n\0H2M\Z*I\\2K!UJMnc6zN̢MLյ˺(Yx\01aE=:ߵlK._tw\Zt]%&z)j2cw^#b?[cV(XVdc.01QRzI17+_eջfq\0gYl,\0&,nS<YNB\0KL7.fD3tG`ǜ1htBB5\0Hԭ_G\0}]_mx	&؋ys~5+1%Ȃ$ː|B S&}\"w5=fJF}d\'n؜V0俗ˎEJ!ygHMU{գw!Ğ14g\0_PCbexD\njL\"3|kaF-I*1.XfH5v4ۑt{\0fUIJ>Q68Tn+=\r7U2Wx1v<0,wӕrt]\"ƳfKk(dJ<\n&Bt%,>a\0h>pl6UIuElYIxZ3q4Oˊ\0 scsLC(C˷oa=sHպ^4EZLJIr:th+\"1}/X,+\0FN,b`A1/Z3ϩWؿg:99q,pF\"NԓgkosI.:YN(kOڌm.cjUPs,աul~kDnn<u^#\Z=\'P\rOFFX_tsn97\"Za5ESRnN؝c\\댳`fx`bQOggսǉ3g\")\\\rKWbWi7m^\n\r_N$)(3 s\Z;Dj!7B\ra#>uƪ4NhΆ{JD1ٸNS=h*NODn\Z7\n=Ry8NR`3䬟bjԝ#F\\nm2]@?\rmm@IĐYIOpgobw\n-HBYkݦ:pa6շF>\"iҕ]!ժ&F#!ay㎋8+)\"a-\"t	a$Bj*jF**O]ӉXυk$,=GxϧZ*Zj ء-cغgcJ<<f9a)7EL/;o}M~ߴэAÙ\nG[ՠnwctŵ\nK )o)M\0+jY}\0#]:YG:N5e\"b+jꭚ(GMJxj	\nteУ]#O\Zn*,̆\"mSWD\r5N#¬ZPƒ677sTGnUuEZnȱn稣?OU&tIĠF~Ýe7l̩ aЋBɛ\ZOJ e|\"\rIn*YǨR\"]\\cJppkim_0GFkkwwy\0w|Kr9@ȃ;0ӿɊ5c .nCNOIJfI˅i*dEK hCԯRpȃz?nPf2zj;PZ?Hy(إ\'1\ZTKZZvM*ٶֺ^nlWgn6gJnͩʅ%F@S4lT^~0u;kC|GSK]Jj(Z@ݎ!imhْzx@996h&20yi!=\Z!r90^FʊdI!Du8%ƫ`L>MgCS2fup!3+4&S^`/f2{2u5!g)g,ea.,ˋF=:.&ŃNɍNtZ\"mxʄ,\n5fm50~41?ɘNqU\\>5Fid61S]cb\rtL;sQHMrZ]W|ct-(|\'&`*+ԮIxM8O5%7}y\0l0p#`SRRWDɍ(I\0iođM|V-J4K\"/\0B;A%77m by<ԲbBǔqZ37(%śIxZFE[a*\0؝TMK-yTZ	\na\02q,NYi<\0Tc)CV㲒m<\Zѻi+J@R#YFŰZ]ĭ4<aҮ::rOJ)zVgMCX\"P![;ϗ5eI)PZ	1۬\0fS!TRVS	Ba\nc\0>vGTu.PʅQOXn/~	tjQvt0^prގfȈAIKbӸbqi%uN	]i4j+G~M{?%5PJ@Jx7IXtǅ7~n&#=T)LƁ,ؾC\r:|xQҫeUqk\rnXߥ6b{\n5!K\n0vKRԌ(Dr\0㮘)V#ȳqѿOi^«Wzd1۠Ry$d_1LVQon>8(e/!Hvw{GkFUA.BZ\"d	.>E\0\nF}UMj=Me>kCOȊT?o9Yü+N3B/ud\\²L}>%}_QSUJܬj:gT%B\0&A\0c}MԻN*\nXjI \ZMDcbiZ^u9T(G\0i\0i?o݁\0,΢R˞\'nv\0jîiʧR33=w\nuuD:QvܰT^}&j+ȝw~,qŕ\'}䞟z/8۳FuDT!a/cc뜕8*RƍܬuE/U,׸՜XlTD$txN{=bfpfHyȋ\Z=SCT\ZwSɫR!S9۷ɹ޶e/*t5Zv5!۝{{_]r%a_\nx01Vط[Kяigb(W+Vqr-ދزz0}k,[#N⹻;}4u\r0MSS6Ba]8N\rD/$辆}AIbk<DͰaYYMft+%SR a7\\x7~ݻExZpVsG7HM􉋎Rb d^д%>PyGFtT\ZFa|6ҴVkZ:PhR50RtM1m/_wM0X@9U:S-bԤ-VcUz3AkT֕5:[ɦm]yK;Zήy	񎣉@XGU$fpޙjsT2D\"9@Ag\"8slɒEuWc39WSNiu|Lmk^Lh1^e\rjL4`\'E!Ս#>:l _N?1]lԘ]a3#Uɺ\rVݘb]bq\07\nְ9)g/yTtGk.|\0Eqi24K\"7wԆdoٯX.x.S{TMe߰8jjRbl\Z.c7V(UO4}p\\T[\nnOk]5ӷLj/m,eUP_݉IjsRgOلz>ru\"\nώ4-@wXUڈs09.w~|LʚH\Z<\\?wJTT$HѴH%~M5zO1wxs>R J5ELF9[c&V\\g\'/rrkCmIvWd2<Y͎\\\"7E\"MdjmF|<1M]T.l-PԩBac.7kWPV^5sʔ&onν)ɳv{UuTO]K\rJV=DΞ^mT۵<X륞5[\'64*ʫ\0!e;JFS_}ъ-螭)&ݘM<[%u&6<\Z?M/tf,EIZ\0VMe˅\\3_j1OUK;PspxA\0$??n-O@%s*d`ء}\Zб/:>*6Mp1jp~U%_n-N9cIH0%0^nyK֬WP))y΢XKy|\nԵhԼlzgf%p̘]\\ [3C3Y,4dGLenvykk:d\"mp{a-HOob5)kk53i݇+DЌNEL@pD՟5mˎͲ٧wSeL[_O4Θ%wˎ%mUa>]U\r\ZW]YUkY/w3-ocYF+h{^>zXl⹔|W%M|㌺[PXi`VrD㋤Po<7[}MYf[c<~q\rDe;Ska\0uq߽/X,D<_w? Mޡb\'afx0\\nOQMJzRTel޸wI\'׋I]|1/s}lc3\rMB@j(QwD<\'{iYmhS扬a{~\0i»#~1\0=vNwqffL=cU2L3I]&CUUO)uC4b$9nm!ҎoKP^c_VTJ}Ȑ\0QSkݫN,$KΕ\nTdd2_b6ٍU-ֳ`5?/\ZjIC0`(PԳ\n\"ѕ;M\">MϟyL˗dVl㲲]T%dwL՛~[K$ܙUP/:95g\ZOHSG\'%\n\".D*V6T:9ԧn254*^\'zE}\"\"RulrDYٶMۛn*hUG?א8@AUTmDɟ7t*tU5m٨2#JSy2.0鶿w8@FC	y\ndEJ*ۤ\"5*KH[Wj>~ϗŉЧR0k%5zydc-YѢ5\"`qc>N>\rka[2>WJ2ڈK(cC57LGc$m~M#ǘ*mҳ2P*\'ejUXݷ\0Su<Vc;CNyU2Vb]eU0JLB}w~L7u5$`\"_gaUHs,5!^ףM@HՕ\\r\0G:vCY\Z!Lwnn6L.j[l;L߱?X:\06dV_tكY\04WtEȫVpܦU0{1R=On#Rj7 ffL4&~_WյzI\r%\0+QS{\Z FF	$ww&&<^k5qm;UFp)%a_q@\nY1f/\ZRFM~f4涨9/sxꁧ 4q?F#T\ZEݜ){iHj*QBİ[DG=[o2GU	9@-~c}N}?$G\n5\'k&!W0Z^.\'rn\"z	͸	`}2~`Ԗ%c_Vr\nS\'?v#hKE7*hh	݈;_54\r!:)Lv=dk/hŁx׊8׫>Y7X1{\r\\7/bKQJ}K1^f[lc/.NO1[qoȦdD^1h\"oǼuI\\iOVp1OU<}́]X=(N!iQ\rK$Q92kϗcfRnnq#*8qSCW[k~K0tln(yD<TSj67Z\'Y)ҭ]OyS<mٵBzQ4a8,:ZNAw԰į	Ee߼Æk\"*Ai>aI</k-Sol<?Gx~e7OybrCRwkF}\r֬lŴ3>s 31dtd\r1Y*17bդBf;uaIj)Z`g\'6Um%]E/6x}qs0P/qu5#ROQOJ 31&LnTě$HBKkU$ EZ#2`fFW9W)qb+]\"6>pR*;ӳgsid-fH󰻻?M|wt7ζBj.\rw}a#o\r6;ZƔNE^D*QQ$AC燼)UZiiBeOxpNzB1ށ^iD^Of9lFC\n#dn^\"FK7]NbR{$yr<dvd\Z6ǲ?y~v+˺FB\'7f^K]M&{ؤ)*E<úEhLHDZoA\rJ-4\'ۈ𴽕fֶ۹K1mZM97x{wtF]T;jG,m>ZR1o\"gXEi-{@ 鼿\Z7JL)SVMTl~	]JS cJa!+g4ҧImwD\n><dk%V1];,Kç쟽^.^\nHY*Tj82;;y?tsHfz\0~0itڥKmE )TӃaY b64n1%D|PK,ސ(wQYqZ\r {\'jBjsީ]EJM.bj|]^߻0t4Kle^#2;#2atˆiAxi6|hsHĬN)va	*5njYZs)S@a.\"HI[bX`|`V/J\rSmMm!}\rUf#M,\ZIX7sPΓg?c7zVzLENeO@n˩z|{7<Θo}6ޡFeNZJL7v_,_eOg_^)HG\Z̅jIBp65J:=xM[v-_}J)0]?U#$ͭp,X3O^Susʏ,YɁҒd}Vmmpf8{l+35s%P\Zĉ9q:,^~l9g9Js3\'Q7QIPk$H\rܑ5$<)3|ԉJR=*=#4cRm9\rLgwYYNNf!`k\Z2VS@[^Bygy?<j즬Ɋ]TYj/F\"?FQ]WyiY\Zqz\"o9&uͦU1;S{s\nN<(y6dtQܐ6t^n\0=>dpgNsB]r0)6hLT0<0ӍҮXDRg2w21vn?Äv{ik+ڈy2$I5$r}$re?9xhQsRuw!wjƎͪiQKh	j 퍵mᏡ_ER9dR-W6c2TlU1\Zĥiz3Ć->\rDʐa`7vӊxkʪ%YԷ-dw#,}5\\3L<Mⷴ-gt/zWbӴ\nS5ox<5ܕ	o0Y$!DdHY@\"_Zf:͠l<ưaƯ\n)Tqz3\Z.Ri Rpk:=*ի0XR p8k\'qo?(e2)kzӣ;UZu:qi-^VǵjyM}~تJ]]6ER%BDw,e;k\\~V>Y>mC:\r\0Ҫ`11W-^`J BzXJHx~7r{0QޖٵNgKV<2In#3gƖKWrshmdEڈ08?%\ZMΟjGbG%Ƌ<pMR)k]:-3OfJ祴2׻Ԗ~=WZ\Z1,>xNh̨R6w[]!Rkn?tN,\"\ZSd$K	ƨE-`	6<sGj_KgnRbfLN\\L7u\r|8\ZC]PFaYbHD&Vj)`bh}K^Ut\'\"<K;ڸ#\"԰n[E:|,X\0mu=͆cƈ6faU}F/MgAge3ewG-g%܎$ߠdxXq#_l	q}NO__qx]jJB3H1 |5㡬ҜRa0	y}Q:/4#nm/c\ZHZH#z][GN\0ZG<ر^4a-1QK>\nmܱ`OSʞ=Bk ]qd-C~0;ü3fmSG*]~s+=MN }߼ID.C~hԹ6rBdk92fbG!\rSͶ7ՇnU1af(e$^WJ3tcNW.tv6+0B0K6>߯\ZheeSI45t55ߩY۪*Gۢkmjk枛\"<ubiM#:S4B&eh4&ep4)D-1$YwOGZ&䞆#D\Zoǵl#^Þ/\\\\\'[:X\n,<wK1@;S=;xda\nktw\0x<}g)E71_*FɤaXhq̐Zg\\uՕLSF6^U9J͵8c)#b{ʄlx9Kٳ[*C3:J&y?hhVC੍BqOÒLp/FO/qͮ|P\n[sngz엃F4d:!:u 20]Nlh:?\ZAcFdw+`;KgC39׹>J/tm+\'2elzu\nc]O}#pǡ֜E\"1M=bz(@i\nvE{}`\Zk0q%nI\\\n7Vpū;j#_WfT&HOb9Q3MWF,20g53a3U2OQmli+q!\0×BjX!d6PrVr7j4TlMI \np00|ۏr.4<QP\ZuT@Ŕ;뤫\n|Q,e@Zyqgϗ@?EevꅄG}i>kM	$ªUV+ls2mqSDWX[6O[KA.LBfi/?Zکs2t.bv%T\'t9A6V-`#GD&i/heiCV9\06#1,YXLYrlzdAmW\\0xoXICfv<>`\0\Z$#!0m67-;)Y\0鶢mSbd6ɤBN`\0I!OtQrYna^bPVE¨%wă[z;qӪ*kE*jR]3N߼4|}3Mzֳ!-YȞ+ѻP_cb3aUz@)mҢXŎ#\"Ygz=s}\\k^/ǏIA2\\z@ːGB\nITȎA3It~#Q\"eEXҥ5ΠPbB<bӅ-K3p@#T/.e2ՕYH9-yjզtiqi!~*LM3\\-A9WQS+R!;$ Hzϒ\'\r+\0zDeP(V?)S)Pi΢{Cp	Oj̈^$`O-[+E;q:)Ω.v%בJ\\XM⊂P]pCFbb^ϼŔ5\nw\"iƩULe \Z%UTl_l|QRk\ZJ|63z{~qF~\n~2^bvB2\\Axsar@i[eZ>1WS@M[Dգx%\\\Z.BU85`R-蘇ļ*LH:Rf۩_gfU-+ܦ=)S]\"[_L1\\qLOQBggCCPR\Z΢ט̑hF\0vbctl7Tf\n45h\Z20!i7fH%^GO^;X-n`-t/0MfU\\9f(Kbd~-_[Ú(\'UH)pUTS7<+UF^|:P(w[ˎ_@tL,j*)kfKK;M\')*LM9\"\Z(ٕ^~5_~o3|f(,I8r6\"WY@-\\bA/dV\"tB\rDێn\"i6.z/,;jUS`ּ[Rj4n|SkՊސSWVMiyBZE=\"9,\0#s\n7>PFFj1YV,@`JWrw1xGH&NS+G`FHMBZb%ݍ]Ɉ\ZiHO#=ةvIh\rbN4Nœ|0L@\'wog*$_y	?ּ8V\"ip!qlVrj`oɵ[[r%:?B/|+u#3HU=CP@lPSV%<ʣ(^B]2)Vmh\r9Lċ\'3;k6MD󦉘@f./u\0~5>n3D2!0iLQAkojHO<)sn*=]HBxD)Zx<;D[x|\\AȢj%LFb\0L9?I1kүj+N=s3Y{{01b捁j\"tkc^p0ܞqټch%nūU\0h3-e3ma#^QOkb+W|`7ێ3U+;y|%wx-c\ZvbYRپӿO<2#98 ?hԖ\r&GH\Z{vTZWx6ß\0f1%zL,5&FiQhs}\":`~STiW+8r8T6̌O>p\'S0dE	i<%Eghj@F\"LG_&e}C1{PmTs##o1re^m]͏u45\\vwK#YéZ-q1oHqk-ZQvWD1-ɘ\\^W~csqR;B2HҪw2^vWi?34Buѻff6߇Nu7,)VjKdVN-p,sB]\"SʴTV%u#0\rވ)}[I86bjҠ\0#1y\Z=&M7I1d6\0CtIjꂞJ^+ٹ\0aDYMNǑp.(}\ns::Z6+*%Zon6OEu5%\0ӹh뀪e{jӓj+c71#81ސ-M=:sZ\0T:nP%%n7p^^ƚ0}u.\rX}3R~ij8Q!CXOۊ2Ȍ\0ǹp0\"GmC{\Z\Zvu{\'s_^3uASx3cO\0^=Srڒ:b_$zHHy{b\0_{|щ\",z=-t\';u:.h\"=\07{=XF*#X6û^?\'yXtt\"26\nPa@>X-~v@v|?&#D\rXJ,!80EIVXCE}AVӃ.aD9ɍ\0}&]C*jjƐA\0;)lwY2ֆ.-m2;Ғ^T6\nՅt{緽\0is\0¦3_gu~K**z*Nf{RrWֹBsڬ2|0*,*zJeUN麟Mt5г\ZS5 DcXiۂ溫3&*APFv)QQd{~0rB`g-=y-ùGww,1d$c-Ğ\'FM`0X;<<xIA\r@р$̼ c%LAǚsi\\,\"c|l5ŷrg잖*^fY\0Sۧz\"_{lgUVHu9L\\\0$`\Z@;	ɺ@SLoUvY8$zvijNlEG%PlϛIՠ@\"A\0\0¹Ddzz	8q#E=8n2	>_{/\ZLt\\eP6̥c4d=#f#ޮQK\Zȇ.n1jw]:j4l%NN%\" }7fi\nd%I*אlk\r_xd&$Z\0\"se\0̿\ZO֜W\'TTʒ\ZRHߘ=˦UYMSF5jvMX\"U=*~N6g9Z\r07*n|\06;fDXb%QmVIRu2n)b3E<XElܔg\0N)mB2b,AS<a՜QV}ԕ@U,MU-SF t=oCO\\5} UM<V15w4W\0-rjC*׬1(*5\"7]OF[KR	f4Mr%L,^n>gՋ[5ʫU5LT57O3Oi>hEPl5#MU&b1(&xunҙccͨb[+UUM:4m2K}07,:k%5PZxH>{ Oߚlk<d)6ۗ\r=Hln:\0oGM}x}+ڋQ-K_S^+BͷS.õ`yv+׌߻Yҿe[M-NgUBbg4stn֥\Z7?FF)ljÿpnT`l5Ғ%zb7,[YKt;Ԫg0\\UqzVvVf e$Ss\\1TI\rojdG\\kDX9Oh8\Z߳ߑ_1	j*)&HUPTyx ˻^ق/zDs5M.<Z\Z6a7)2l$4keB[rS&UAMFokj1-bvvT?:k\\bXZ/M\0y>i*Rn.MFLП)QRڇh4/=^LIh5FL8#n)\'n#|IZt0jYeueO\"mc˭.o:2/пMUyEVa,k/9uS	5]׻ŗpIe-<e˗8M]+N֗8ӷOM\\Dۥ.1my^t4`ASzJl&;qBz$b⌺@׬ӆ>;\05{byQ.xZ\nd:ε%JD`(_y(#aPD8+\rQcKTP!˸;{j6^2~kQK^WpuhnS![jQSݴ#Zj8NG݂6rJ\n_,G8\0Z\ZM^?\'O{SJMՊҎkPU/]I	8}e<܂T5f 5=Vs^xCf*%NPs_V4te-.TT7*_JiOx.J}J-MUF4e0sPOZtrsm+\'NZ\\u6Se٩h\rA 5i$58_j=s	i]FTEeE2jβN%pIT˺&ע6Ti6gFMSeS\r\Z\n+2yc^Ɣ[0fm\' -X`KϬIuK{ihDm|@)\ZGx#RUZ]0\'jw42h!\\^ժ\0YMHk#1gmEꩺQOq/xfVP6jDCٶ~007WhZAg̰M[>\0\Zio,MɣCny9d% @Hn_|N#uH]uga<lJ쇜<ܜ-0̗Djl6[,wJ%NX`%(0`n`×v4dIL\rU9TTˇ}kҪLg*VbYA%B\rj{l\"ly@	\'uI͉1M-Jwqi,ݵqE6\"26xGÞ[Jy๼`é+GvwR<DP+%Ln\r\'o7tÙօ@lS!*y-̼vۮ 4 9m]g{ꃅֱZ\'&@<~/A˼zFj3Ff@hƚ0&<\0qM\r1_n	EWn\'1;wK\0A!~0)^02^Mxv^;d>Fcmq:k3w75d+-x\'$Bre0VMGV\\%0=l4mGWc!k#8)uQ8..;`LX\0bii8K?gEM^QQfCYrʕwG\Zk\";Qo;5_\\~Nn15pM!g70]⯦נV\rT#=1I0}#ܨ)Kr66^J	\\˴J\ZfWhȉ`m/gVV?wqk-vYƼTrݵRQ|UH]*)*4H<A_w)ߋk>E\nD-`+l*=f N\rTԭy^ֱ\nP\0	0X<4G\'4TV@m*H\nXF0v\0ׇֹMJgycx=gJ*ZfX|a~-:vl16s#KcSI[q/1uS$\n9n\ZbEi;vX䭀b+DKퟀĘij\n(@E>	->ӳj+bBjj+T\\F+`\r^J\nxq3\'cPiRIAfM6\Zpj Nnk֩Czvn%NTCVa⸈<;\\;^܎ӎ\")u!֩/IR/	ۀSK\nFPcI\rp/}&yjlpY^;A/?pbMѽ¸eܬ \rNjk6ERZ>ewM;E\0ch\rB*hu/d C]ѧD핲FKGKC?6sj|c^O>~mEC5@7\"2;Md̆\0ς`IIxYg9|$Pxb-901udy4oƭR+OR=UjJ#zv_ZML$PUJl*UwρQ;$)@cQ{`\0:J&X%zٛ|wĻWO1\Zp+Ǐi2P a0Su	_{⿞tnE(\nqvsw_:1Ok44Ѡcu^{.\nX54>EY{K\rV_;P٧P:[KHxNhjirLbq/\Z\\pV@)H.Nmk7p>,kOdQoQQnv6Ě!˂tN\\Pc=0+RV1G\0>&Wue%]*įZ4G^g0)ƺj!(Te}4d|<1P\\MK5L/vP^*+ɴ/D@\0ҕtx~u[orVQ[JU*)w}%ٍ3Ub6([mdEf#|3a\0>]pyzf*4n.k|}&8^cНOĉtӭVk*S2m*\Zi&\Z2#Q(6⊖\ni\0I.2L۔[:>+n2*Ҕ)oPN[_UbR\0mWQ2clT7؍weU|/i!wt)eV@&?_Q(Hӝdi=?mWq%n\'^rTY/Bu	%\\rJiI\rMInM/1dTiaMm\"iT3hCz\0b;M50Q-;qT\0jEm_[\\c+;eTSig £\nL&(GQC㿟\Z?ኪU9\rd[r\ZL[6K\"6P6>L.{&M:ym35;#p$G9hbw}\r;-/w:=pB&~oϏ2ފY&Oe׎c1)\"Z>8/ê#,]l\rX!\0\r2!0`҆w7E}i*]Qj29`>^x]p#O 5z7ùFE}E?5ey+#,2LAr`!a:?SSPqv,VBt8:MF!^g2_L83YȈ\n8U{/LF0lPoCf) glke\\\\tLr&2d%+v{=aq9_,J 26Cn3B	uuNGO){LݧL$v\n3<Ʀa#URtnoOgn3.UurUTR@C~Ww\0g?K,޲G\rH플NOQC*1jUwY]|̉y3(v(]jdfYS0D\'6\"x9\'et1d\'y\n!i:2DM)9fQj-X*BmǨ#\Z\r*X#\"a-\01pe}w B-x=DdW-!d<xSH\ZЙ^Rci}&3S:U)%!n0qulJ6k|\Z~,̤h(:=D*5	6c0*qI_> ~음DO`L?J`{b,Ku2\rwloʳqK;yJhRz`\"whks\0-.c\09o\"HjO/nft/AQP_0tz2!Vj!;)bOF;Iv¸0]F~$UnGpnYϳKfgEhwUJ#)vJrq;R\0@\rHxAag=-6X\r&Gt	scEc4a%<kBA\\r_gu쳊)F<έs\Zj\\w&?~WQ4\rqT0D>z?Q#!6wW]^nQV4)5IoQԂkBCs2u޵Zm␖/yG,\\ˈtWaK=`qb#D%uGU=VRGu\r[YN7z^dQUZmo-y{)\0m,cĠi1Nf9^`~*TvQ&#]J4>}?v	|.)\rfe`+irĊphLJj.W3G%{nB6oݵ\\HbNU\r},i̲;x3p~va3x{*,+\rڧ_`wNcF\0\"Mq`Vԋ2]a0hc>z\0G͂89bԅf3&DYF&MBvjr5Hb/-\nmה l\'ā/\"30;=\"Tqxe;؆݈/Z̻.qܪH@$\";4XV.F/K&˸!țOnZ]y`	r0\\4Rg-E7J뤁0ʿ5@dz;N<䁙oy\0EA%t(m(VhF\0œ,Pſ){En<6CuyTֶϏ{\Z΅J\"YJ6FҲ\nu3O&\ZM6#\0\Z#o<<I@81*Q&Z]Ew>\"az=fxl,3p&Jh00?t6		T*I[([g)kF\'gWHJ8a-ΥRqM$f6\0#33eR;n1?~#jkBDeV용6ePrOʲؠ2RӭI{<7q]^\Z;j{\n\\Q~^MN3Vݗo\\Լp]3 9HUH+y\ZM}:	jfVŗ~a*d+ۮ#uy}~)Ҝ݋+PqMdP\Zff8L1\"C2tYC16Xt/jGClBN^щ\"|=ENߘCEI3&*9iM~+Ɇ;B\n*.ɚP-짫vʙc^^[EOAcEnT]۔OqpN9M iEJ4ȋ`&.3t}KR$WSEN\r9MoXyw^66Hݥj~PJ+VVJf\0o/\0*죪8Ui69_\Z]4:B{`w\nLjn$&u22\Z9.r4	I9;\nD|b:OS7/=ޒF^`-UqJD7;j>|Um<]u뉆ޭEC,ydPG#2jR}lEV)&jd TTmDR2?yneS<ztR\":TFt/X?\'iNDL[+\"hN7EeJ偉xv]Bob8d\0d;wv\\ !V!іH;W9\n\nbs^^I\rst1)\\w/ÊzA\\HZb\nn?b\n+?bz,2L6mNަ	O\0NSLAX\0-1Ra_40H>Z5w1,Wv\'J^gG]3ww\"f-Kw1trቕD]\Zl 3\0)>D+:HƂu1qۈut̘Ď9zǺ eitqj4\0V;S\0ˌMťpnNқ^˛R\0RbȂQ1ta\0_3پȟT_x]/uҲ\0lɺE6LI!af_čjz<{nadJGSFKeJ\0h`Z}qR1zN+_q9l4O\'\Zim_1P\0Շ/VlZ\063GR<!ZF7ɮ)!)Z}y<\0ōo^UOĩ\0I됟<$ w P*cobmtR\0rZ1wxKO;b[Wj~T\0,=,R Y9\Z#^<&=#v\Z\"1ӹ15MS\r@j.{G\\Ht4UDqq:#s?=MStSw(xy\0.Fh\nDv~1WGènzjC)6k \"715>+\rq$ᾋwy_^ďcb1[ߠY	4דּ6_pE@D|dB\\.쓀abq#nS8NH\"\0Hv|Vϼ<I\0P-an]4`u/_ bFGr-Ǐm颔)=`&%[#qrܘs#1!hn~/UO%\"^<e,2_./3̒graܣ@jes4H|euS5t<\\\")]ynj:g&Q#\"?ZX6 o/J1GG\0EoƼcz۷)w\'HWxP:DBpvn+^4U.m Pz:ӴO1it%%EQ9uDTN)b{@(:*e.\ndE[UgouBj\0\Zz\ZGKT2PxT흘Ҝm\rDͱe%jkIC]WX6*\0TKrE\\[2f\\֪LN`폃\rɘ^gL\\G$no_\0иVXwZQ>\"/8q*JH-9;,vᯀ{ZP:\\a}p}><Z\'+@{\rjK[|&${+/x&\0@cտk|+\0͌\0ROՌmϋ,BbE~J\0|߃71N&@-bW;b1R6Hؾ[D?xX-;-6\0|eK`2Rc?bChӴJOy#?\0VƧOշy/t4)J$ڒ?\r#?)6O<eO	oxZfg&D<VxM[.y@77/ÁPDmc\r4c0v\'y4lxm\'xpRDۘ;KqqpO$gv*@o\rYgaC7/^|//sŃOt+l3\ZEG\ZO**5Rj(iit%]75)(-uݘSڷFG\'</P̪Ql\Zg[u9lKx}bla[ROis!0\ZRaE̪9;vצ	,rN*m:Ih.fGʓ]y۱~Q]<2fdA,<	y^&/<goLG:\0BA\"wDZOwu7Mɪ˘:p/ic63ߓ\'F:춶*BjzZ+1m~P7$s}\'ߤސ)M:GT\0\"*)ms.\\ew\\(8fM65pGOqr=Ad|uIJwºB9[yAėn]q\0r(#<DZb7I1OY Wf{LSCR1J>|#r̎6\\!m1\ZsDZ\0sZ&-~IZ.+cR&X.X]x|7ѳ7qSix0UUnix~kY;n~<g6ܱ촶D 6	t!RzJ4̨Gx\0~)ꬶufkfBNHKEu2Zͣ()\0=<t잽G\nGP\"g{+i6$4ؽd鐎,_M:ؙ_ӕ^Zb`жs5 b31hݤ`3PpMt\r.aSW6h)hx4^ӎϣ`n\\Rfy?5WK&xeQ[GYd1~Ǚ^f[9.}\\Wq]3l\r\njeIR+8-b6^|8)H/ŋ\0#y\rTs~O̒.\0~=VSYYg6F3& 	r]pᲛ\ZԸfҲI\'$60M΄2?hK^1\'\\[Md_۵%/qɖ]WL]Y<FmZ%ՊV$ $\'Ϲ\0v$X\\VsǍQ^pȓP\ra93sLi8.fw/p7n2HcoM0VuL4)y(FJn.o{O?clzg\\d*&Rځm?1Ņ-d\"PTHC=b,Nz/%K,A{b^x@r7Cim8I1td8)CpJ qJ!#a	\r-\'[jqe:RK+{H6q+^Z{TCLBSD?yrS&oF/&NQRGc9p}g {^/V\\9{/\0Ԧ#lQ+Ӟqsn\\wMǴ-ZLv\0n$E_	uS\nǩ\0\nQ$STt	Arl~3(μDxy}kꅴ/e˰iċpAOFbݶuA[vUW%\'wAkh\03O4L`v\0Ɩ8f{.9C$HVe7ߠ)J/%wA\0QU?,Lk|0E󱝸UWdQh*lω|ZjiJpI6rZ\'5#WU*:z9ԘiF_|}gɊR{K#*tm{ht	2?\\\"NLQEVA,0ĞUd.e9^젆~\"SCmv]`+֕5Y	tYc-ob1/GLծL.V2+L[ǟ@ߣi\r\\@OSMRU?Pp=/1D9Պ%\"&5p4lص8)(̗yE0nNSêigNl w\"ruJ計Ƅ )!Nϛa64pgDU\nl$&}woZADLs:@^DGb\'N+<ߍ+4P\Z+,i}\ZTQ\nI;sSs[hRyftD?\\ǄO7()48\rf7IgS7n3&hr8C׹S!xF<~\0aZnfc\"\'IΞ!^Boþu)jVܻ\nOiJR{Xwi/	P\nmۭ;qwp/K:N՞ïqhDf5\'tʒPgkDuu<ΔM,ٜڞZh*\ZP;Bb`?L4Ɇ3KaKYIdcvc]V6B.5!\'_zCR2ة[jkAPem%L\'>uVIZ\Zj%.«:r+,\n@■B!\r.\ZnYJ֣Q#D{*\ZF*vVFB4?厧fRKE\r+T\Z\0ҁ5>S}=Ju\Zzu4é2㰈Fl->~u\"\ZGJ,:D)̫0ܚs##s9SLcLʳ|f%\\T*`E;_SaϦ)&$Ԛ#r\0cdypR&3St,Ce\\bLʪg<4jxP\"\rf\ZrJrb\\qsRa! u>OЌ=؏7M+fEJs,ZX$\0ya}+m,h$n*{R=D\nɫ!\'S@!Y.	Ѹmi)r:6\'//Zb:4VVLo~hd\r*:aeqW1m\Z\"W ?Ϥ2\0E#DvL4\0\rMN@kCj#Q)-5\rX~O7VOV,kP-kSr=>ʅerM&>8sDXCL9P{RIsj	\\\ZP\"nDbϣïym1ʔ*h&`$?LF+tK;Ҭ7nW~|KMi%t͒J!u\0\0Y,CIY\rhs+jNhX!-&Ai Ч/#n\\M.HآWa\0xrbŴ$|7]vk>u[dGV/l\Zڍw\0E7p0<\0sR*SA>[F7zL\08J$h\"gp-|zCj{8X=-fp爂c iᲭA(+>JT<|cήPċxuE\"0iX[O\\$Ι͂\\5&api8@L<A?ZNk;ߩ=:\"]򁕟l},L%#ƦQ	_~!ޡѰs;rbrg|%糟Ytf],fKꎩ&C0a7\0TRV%KGIE$e4Pk=Ѓ~<CǱos\"Y˖2%\'/ޑVWR@rȀk]\r7x^̸JE7?%p][0e^sNg^$,Gyᾮ,P=^{F2ܟb=bϺ8[:`<-Poʦ&I\n]GL8|})IYP2jUɪS3A˻;ϥet6*Gp{,KBCh)P^o4Yƕ6LC\'Y\'QKi_[aVSnd$)ܷiOZOz0βEh^+XuP#@ 1_)T@\'j`5%!d6FשU>bKOTǸѰY߉Mr4$vӯǘ/\" bT\\!wBgv)6+~~mFFc)8.Ͳ}0E%˹g\0S;J=|L8zD X0_yOZcsțo/v!?s.\nA{Xya-x[T({ŌU{\n:^}Lx`$]\\\0,jZVy<,9Ur\nϻ;fiUt`mDO~7~)]SjvjxmȶdDŜ/ް1PT-@[inYo:\'4-/?(8PJ\"w_豾\ZKzJ7کDीFr:9\0ǑRv#a/ϓfy<̂#A/\0`#5FF\'XJ\r49@\r{N^_M?ҕ?vD}0E!Leő\Z?Y3=V19|i\\uE4@Ajßs]\'A%r!o_w@\\\0w|׳ɉNԥYRYFoȈcL\0<agT{ڊE#8?-^cl^QqRO\r<&?`0S=mo\\(D`!5 $Bw=l.huejRaHCLm-\0[122y,ShTuXi1	Yx1Z;FHbf7I%ͳ̍rh[0aDhk\"H;}&\Z~2	h\n]Lڰ%L+>{}.Up)VAiDyE`OkWoh-\0k*8ZN `fvZ^Efqu  \0_0kF0wnLtVL6x@,<u4Z6.mC-`;.2l-	=~kAhyq\nTmH.G\"ƷOuFrɔDo8X$^8-MVgRi1wɮJI\0nxRi1{wa]%/GR@zmvHƲ!/xuf+jqn7>i}=ws.#KP{~?z8dz=)F@\0s?%2\\Gu7l%rZakyr΍@\'W\\?Òvi,Wu9LH@qpyZd\"\'\rÿ]T]* i\\XMΡa*ҎnxSڟb\\8zGp|\'0u%P6r?mSEh؇UUxf%m(C\00\nBByX0\"[#x\\Dćr\\STdH\"UuLU>\"G{+#9\ZEDA3eL$?\r֩7l(|#/o֨J	ptl➢$WL@Pl&0J/4Ng%3I#JllĹ2&bX2[\"#zV[10rڄ?j Fskݰef3):JT	W/އʳu`$^\"8B&8;_P-\\0sM(Im$/{2EؽF,,E -yEVJͤ@	2SY=ȕD&CD_θͰ#b|<KJs6\Z2\\&$gIWEQ/h\0b7Iv^~?~~Bګ/[dJaj\"+0Odwx<ETPHb]\0AȢ6n1W҄!h0;Nl=Ng\0MMn(kLٹ6bJ1otj%84Hl\"I&\'2FV$ڎ9la+J+\\L:kҰY{Yhe2bQNf켭+-gƭd	Q(iQd0YƹFcryңSt	{\"\"evIƣ$+sDc_RŒ*̽ѬPQ`fzӔF\r(\"|犹5}5]940CL9\Z@)S*ȩ&ƽfb\niD}	I{\0]؛u}YQ0y9>Yr|wp@E$f`+15E%;@~4UK3<J\nrshk^+ݳE4ox5\"+MZJ;|xh~L!^<EAg& Vo<0\r}BĎ(\0|FuA_j`Ӄ#b鑘Er8gS곬+osI\\끃WޤǄ8ņSQ%؁y\Zuh5MEG)\\\0Dv?EBpVwя#55*\'JH2,.\nls0?YM>mkmlĢn\02يꚈ*[9e!k\nn.0O.ѤӵH\'>\"nR\nM+Z~.nV^+(7Xb 9m0<ZkK,x0UD|msiMNvooRbrU.9.byA~00] 	BC˶,an!<qmZIm;\r8U2$BpD\0M4~?^.j+JHH\"<ؑm{I!ݒxr\\1aI9HБ-:E9T&Ktu9}#Y\nR2nB/9XG+BaC/yJjԹ9-eg:*e/b¤QDyD~K%vmKK9\0Y_:t&bʻk}uFcffDnkOaxm\n԰qe\ZɥHnY|uUZL# p\'G!f̰ՙ6D<jSzAR\0PTm0aP-?t\\aNEh婍\'P~orUfѶ[M(a1BWi@XMGMR:B;\ZUL<o}iSҰ	-LȮ aoX-+ZBlPEUVu_at~qي:i Xq*X@BI?J.s	lV$~\'éYkb\r<lqClyDcMĖ)k,ItIvϔ/a%*l[/ Xh`]7,9lN߷wchݢ4Պ3^aRVmD>kA\0[C9;Mw|L?魖V}nY݇^eE)#1\r͵ڟ?_N۔dhGVjs!<:m,ʸ+!@ݙ=Zv6$=mi&ȵ|>쀄-|v>+B:|ꂒ/nZ]枭;U6w]2h.є\rseus\nrXD	qxjfj1eۇDm0/yOEhθ=b12 ~\"E]Ra* :kuPVnx0Ϙu\0%,103H#XCMjjQ[Fv.ag\0\Z7Mt9w+U\0wk]@fE 3}Xҙٵ\\Ϸu5׆HAkQkH-19<\'sCtP\rXo)ĉ.}w*@yoaL<yz:єudi;gi\r\'ɩ+үJܶMٍAOv\0$n];Ay9q]]N2o5fT)dIC.!\'ѵ-Tʁ M~-*l!iBļwX3kzв`fNT{ϝ>Sc6\"10\\&,jJDYAX!qc7#i2C^eTJDnY%7/$Iman.@\rZ$~1Jl&zui&p3~9}\0E\\mWq\reԄJXVsMܼ\0RmaA4Slk%J<oɒF$ $#̲xS4\"mFw0~.$`nƒU7UׂxChRХ&/!l-LBfy\0;w퐌i27-[;ɺ#=vt-\0Zv~>\'\"a\0s\n\'=~/Ȯ5j3X;z0ZWs\Z]{>=yGz6P1l/eJ M0-ųg9wp\rG*+pXNLYLbJJDy>SfsW%xًjsH^RxQÂ3ἀ@_ړFI4\0 /8<?jZaQ+;\\7|s\r-%iXW\'7\"2x7aJqwUءguhٱGZ쫨zkS[#[x7bSP2l%o872ɸ8=@FTx\rz\"W`3 ?ǟyMpw˼DzXiav:-Ri#Sumaf\n,ȼ9i85Lq7{Bo/\'>$#@1$;qf&ޏV(#D?/5;*\"մ;	>Oqzua4\Z$64fէOZ\02vm@6bUw+;ԕوM6D;M\r`sdCzof.:bH]`/ɉzj_ί[]S^.3]ʗK020* I$7,c0MҢ5& #+{h:_EZYtx1\0Me&W%\"&b],]>oq9kaTL,ee1lǸSW\'rmpަ|jD혴\0Z0n)Th.CqoB)2q%\"b\\YܚTr`@E<KĬB1S;|1yvwUMOc@zO\0qxdAD4t{T87ȭuO`(l0M֝}\"ۅ4oģܜCZr;.0ݙq=Tgb7c5-p̓6^\'fw3P$ enY<y\r&иpEꙝ$`@xsSp10ȁ\n\nɉkas~Ljdm&/]$4rNm6݈qmݹe!E\0uS2FU<ۼ:~;6ˢ@[P2HN\Zk1fy;1M&\'gMqQddE	4Y1?2ѷ:C3wWn,xb\Z$\"=Wth\\`Lik7;n6T	AVx\nLKrΘ#lfe0Cܷ	x.\0aҒRdXdtQM(ɻ2GMc\ZLBD>Oq\'pRF0Jh\nb#1|0G9a$9ܞzwJÆ{wgpEiAhQ\0Gd.`<a^O<40`\',QPl#9pt\\\"u㾌Gu#xtҰ\'lͳm>dN<.>FhU4)5!W8\n\\cLԧsծqg\0M?PGGT4]=`$^IZ=bR!c]U]4Ԣ&$>O?u?Cf\riTJ\"b;.+_gɆS\\at6iN*>Mqhe\0{g\Z;.\"6O }\\J}#\\G1%Ϲ¸\0ݚ$l\nPؕ(&Km<k]MX!hdOXthx=-Jx[\"V?R-LrAkq[ٯf#Y!$\0ff5o\"fF..ֵ/ߨ93\r*w[a.2.S:⧋)`LL1iS<K=UI܈8Stob_6j$a\"\Z	yN߫\Z%(G_dh%oE,32m\rm/nU~fIJYwp 3iQLKaKҶheC;Zj=hSva5\Zm}hMN\\t&5m9c>p^SKR%7 WZێ&0+>e0W]*H^pfio?pTy,g\"4,=&Grm!viJhqRs+Ai,_7ynr\"j-3#AJL¼Pq׌*A%AVϩq\"e*ZvCJ?ZIV6N\rQД,N0`r{asTc\ZYmwWqTJ6jvfBU7{wfw\\i:klȑ\0]c~:մa;|:;@-).:0Id\"e9l5<pBHJ;cKpבg&RnT\Zt\']ߎv_v9sYCŏsaT\"We^@.a\\!vM+\'5H2Z\0\"YD@G?ONGj*;/ۉ_`vH_{G5E\" ]9l~r;0tĺZ\n#,O3\nj\\JXI5u}1xͼD:J邇)SjU=iAe3؂$3\0σ2BZ$q _^q/\ru).KseCbm2#+0iOLȪy@IF2#%bCizٗ4\'D}e[RӸXr/-@J:)` r!S%yN-\"bxWQm0X!V\' \'ġ\\sJqH]I\0H6:.MTN_O3v\"utqԓ\"+A\Z~6<?V.gz|gIa#GjC~#ۿۦ[`+( DY+-Fo`i)iUDP]89qnJtĀk5oPeKIm*؎k͗@ƒXd:xДIGHE<wD<oUGڴ7Yw>dOnxωY\"ԲVk.!VXv]k>fDR6U.ud2tBvtR䴘|Uҙ[fe=n+ܑHi=s2\\uZ}駜n;sޖ]92/\\P\'n@~SW#E6䈊o7X@lX~4S&,\nהO\"3obc紫`\"G\05C\rBd\"6#.u\0keuE3]t#\ZkgQKvAR%F ErL\"#dN9AݳAeC3uuF`\ZLRV̌h[)NQVqdX3a[ya+<us%+)#\"8dE%4IBkJ0Vcnk6VSԡqt$@Yx<MqE!6\0Ǽe$Hd 5h|$>3eSiw\0ׅgJ-~(z΅+y1]g\\7Jeܬ%͸^ŸR`P37[yd_^: a#1\"+Ӷc}Q=)GR=W$-׉k3N ET#+YIr\0Иņ064\\q\0^$ٚfpCwoRۤ~qLX\n@?+5@Ɩ\0\n&#].\ZdŪFt\\01but',3,'2017-11-29 14:26:39','0000-00-00 00:00:00',NULL,'TIDAK');
/*!40000 ALTER TABLE `produk` ENABLE KEYS */;
UNLOCK TABLES;
/*!40103 SET TIME_ZONE=@OLD_TIME_ZONE */;

/*!40101 SET SQL_MODE=@OLD_SQL_MODE */;
/*!40014 SET FOREIGN_KEY_CHECKS=@OLD_FOREIGN_KEY_CHECKS */;
/*!40014 SET UNIQUE_CHECKS=@OLD_UNIQUE_CHECKS */;
/*!40101 SET CHARACTER_SET_CLIENT=@OLD_CHARACTER_SET_CLIENT */;
/*!40101 SET CHARACTER_SET_RESULTS=@OLD_CHARACTER_SET_RESULTS */;
/*!40101 SET COLLATION_CONNECTION=@OLD_COLLATION_CONNECTION */;
/*!40111 SET SQL_NOTES=@OLD_SQL_NOTES */;

-- Dump completed on 2018-01-10  6:30:35
